show_id,n,r_cyn,r_excl,show,dir_z,imper_syn,imper_rx,you_rx,lean,solo,n_hosts,ep_len,avg_host_cfscore,side,inten,elite_rate,people_rate,mediacrit_rate,populist_rate,rp_rate,pc_rate,antimedia_rate,horse_rate,strat_rate,game_rate,D4_biber,VIMP,PP2,you_deontic_rate,you_know_rate,imp_attention_rate,imp_action_rate,imp_epistemic_rate,you_addressive_rate,share_political,you_declar,nw,episodes,passages,imper_syn_z,imper_rx_z,you_rx_z,fmt_pos,you_declar_z,dir_z_declar,interview,multi,right
1192761536,61,-0.03670538170580328,-0.10228256523483285,Pod Save America,-0.1214713857681722,4607.970427143058,2136.903335907084,16914.33670648471,L,multi,4.0,104.0,-0.975875,-0.515713134568896,0.5495568090249798,1.5590586798945112,5.476468095291423,0.7861169118341337,7.035526775185934,8.252031716962778,15.085539620951112,0.645195574030035,36.53906539921784,17.32970577708096,53.8687711762988,0.0484344904577873,2.141913586181164,16.10909472684972,15.747183676765502,38.22393302736241,8.748435375980835,25.033984306652847,5.787426479495013,2.5572349560559364,0.4750888706590101,,,,,,,,,,,0.0,1.0,0.0
1314170606,6,0.2143721659460728,0.05786076073268435,All In with Chris Hayes,-0.6161106559065321,4309.6032905256825,1713.228770239165,15272.942731632997,L,solo,1.0,66.0,,-0.5900900900900901,0.6531531531531531,1.313960484367328,9.85470363275496,0.7607139646337162,11.168664117122288,9.3360350205047,18.879537485909506,0.6035919530293705,24.239113145828867,11.479865284472444,35.71897843030131,-0.4192326580970166,1.6878922088225965,13.731270723579817,8.742333383419618,30.051771005504936,6.14695316021692,20.3532449082738,3.414973977898289,4.507765650825741,0.510539629005059,,,,,,,,,,,0.0,0.0,0.0
1362265400,31,-0.015714672179579222,0.053430517078025715,Timcast News,0.6548701541569785,6871.822912855441,2502.532659660308,16289.76265652811,R,solo,1.0,71.5,1.00725,0.5012615643397813,0.6173254835996635,3.665987044437903,5.670541536716756,3.473357183318013,9.33652858115466,9.270312066394698,8.981367274714863,1.8680461372596115,28.406884832023756,9.775965451834407,38.18285028385816,-0.0868414895738047,2.21668113792496,10.800151846045448,20.48882367714901,25.64407608623812,12.293294206289408,35.95458090441633,4.626508572259454,8.195529470859606,0.3695207812854871,,,,,,,,,,,0.0,0.0,1.0
1447684472,25,0.13175413626373847,-0.011186619206851852,The Bulwark Podcast,-0.1216496312592675,3951.495447793474,2025.7874832846944,19701.023598155563,L,solo,1.0,92.0,-0.99,-0.4330218068535825,0.5451713395638629,1.695334777758564,5.001237594387764,0.7968073455465251,6.696572372146328,8.20542032435145,8.917460931010046,0.3238937092907736,23.53124671528887,12.68110413763406,36.21235085292293,-0.9661766320231586,1.1236013268939946,17.878301058588224,15.435589679445384,57.48426501310694,6.786336841825125,21.556599379915102,2.528243137150537,2.395177708879456,0.3569145535904539,,,,,,,,,,,0.0,0.0,0.0
1507444393,5,1.3604541284458282,0.3372345376142149,X22 Report,2.2878912116154737,7819.147144696113,4622.1518557133,16532.04618542099,R,,0.0,118.0,,0.8768472906403941,0.896551724137931,26.964372864812105,23.01122498779893,7.44265495363592,49.97559785261103,14.250854075158614,25.98828696925329,0.8873108833577356,16.983894582723277,8.760370912640312,25.74426549536359,0.1893451730590666,5.693212189880836,19.72152899003712,21.869575320184254,11.618211888847885,11.071472505843278,33.487787209032135,30.34403575675565,2.8703817607741837,0.4326723882805564,,,,,,,,,,,0.0,0.0,1.0
1509826894,6,-0.5872144397427986,-0.3290123853522362,RealClearPolitics Podcast,0.2029601809418261,4421.009608816326,2448.693986977154,18892.3652498643,R,multi,3.0,71.0,0.1149999999999999,0.2469733656174334,0.3535108958837772,1.973943939992104,4.612018551383421,1.180676749154156,6.585962491375525,5.977176042592913,11.732975194719424,0.6974663414886121,48.31550634429272,11.456254081636418,59.77176042592913,0.0815719531240215,1.6680311383224722,16.372827370191295,14.846090983383275,86.4886951784255,12.394442931081448,21.9286298011441,3.2688640697357667,1.7706347044402069,0.4730403262347077,,,,,,,,,,,0.0,1.0,1.0
1510240831,134,0.20046792586021778,0.07955336316492129,The MeidasTouch Podcast,0.9436751460786243,7628.634977345886,2088.113262707859,20353.25704958032,L,multi,3.0,27.0,-0.995,-0.5768261964735516,0.6952141057934509,1.1856477921712028,6.820409576747216,2.4534691937008057,8.00605736891842,8.804315288400021,10.271701169800023,0.6624836386474223,19.040799197046447,9.837354948905624,28.87815414595207,-0.6454327331373191,2.6410590198535715,18.48559408570235,21.62834394473958,40.282790597077465,13.382537815807616,41.364207794314446,7.164388931694987,5.001554537221028,0.4121562952243126,,,,,,,,,,,0.0,1.0,0.0
1538788132,14,-0.18633325193917713,-0.203610186405267,Tangle,-1.012851422478337,4400.377786379581,1355.3789471447049,13096.483182528787,L,solo,1.0,49.0,,-0.0770252324037184,0.3452855245683931,1.3628072856650926,2.8959654820383216,0.8639224757341211,4.258772767703414,9.44230762210814,10.500916852937277,0.7857557435634734,25.05375179628951,14.114789744388458,39.16854154067797,1.1297372097362413,2.4906286952844154,6.8707417212941415,12.48421938560808,27.07252069013887,6.592790012624492,19.21728152616075,3.3665310702763365,1.6832655351381682,0.3930694504857184,,,,,,,,,,,0.0,0.0,0.0
1551582052,6,0.17214973309890916,0.3437951738314515,The Lincoln Project,0.2618793005063222,4820.377776448838,2107.778568028766,20866.306063751297,L,solo,1.0,66.0,,-0.4709219858156028,0.5815602836879432,1.9633990523858784,5.710800289426946,0.8571183680466272,7.674199341812825,7.126042245969052,10.97310840952717,0.299602735602903,21.13893091426624,10.903342960965237,32.04227387523147,-0.7377735523115408,1.4923145680819911,16.20987262079063,22.07059900143997,49.524270930060425,7.670878921232186,27.72282557497948,2.960690109949265,2.4223828172312163,0.3315587470595518,,,,,,,,,,,0.0,0.0,0.0
1570045623,21,0.24447233325164225,0.20095600229467106,Breaking Points with Krystal and Saagar,0.5469606271813514,5657.961349053648,2608.388820321538,17929.744231386365,L,multi,2.0,115.0,-0.9107,-0.1682758620689655,0.4855172413793103,3.014665460800482,4.623331484000739,1.9696658788003152,7.637996944801221,9.480996207601518,9.30999627600149,0.8136366745453301,27.70198891920443,13.331661334002137,41.03365025320657,0.0116875569452555,2.4341110776218,14.81957380677126,18.067578135533804,43.01162257638271,13.483267265323732,37.21381765229351,4.1798128522503575,1.617992071838848,0.3095145023844891,,,,,,,,,,,0.0,1.0,0.0
1584730781,6,-0.14014467121490573,0.02846006113807087,The Benny Show,0.6276454197936306,6806.25404734689,2133.405066529475,18884.796620210163,R,solo,1.0,100.0,0.865,0.8020434227330779,0.8454661558109834,3.222383663966348,7.97612533040319,2.3006658141381355,11.198508994369538,11.0243260936146,11.50332907069068,0.8913156760256107,26.120177492375863,9.449422365955373,35.56959985833124,0.0528494593508253,2.985965949548011,16.076703565793625,18.867924528301888,26.549865229110512,12.80323450134771,35.309973045822105,5.525606469002696,3.908355795148248,0.4307803598878741,,,,,,,,,,,0.0,0.0,1.0
1800671132,7,-0.5294203606802429,0.10522120069881787,Destiny,0.5895367026791737,4839.188458761127,2316.609622064335,23018.174960895107,L,solo,1.0,114.0,,-0.1346153846153846,0.5192307692307693,1.4628675454707996,4.198971658295814,2.858009741614247,5.661839203766613,7.070526469775532,6.582903954618598,0.5369265694672454,15.983182441255034,7.978046150762045,23.96122859201708,0.2604851957216035,2.120390281523938,25.60465702545516,24.549918166939445,25.62313863325373,12.342035362614364,28.03788468246089,2.5488986074964446,3.890424190389311,0.2706060097364445,,,,,,,,,,,0.0,0.0,0.0
1820648828,5,0.3204065817861915,0.022161553484608198,The Joy Reid Show,0.6052003477562117,5992.478050216009,2116.9032323385627,21195.79463259074,L,solo,1.0,171.5,-0.572,-0.6971153846153846,0.7548076923076923,1.5666814226196009,7.742320983875933,1.7124192293749123,9.309002406495534,7.742320983875933,13.025316478755984,0.5739701346799507,19.292042169234385,7.54193149958738,26.833973668821766,-0.0534187103744141,2.6804813605800923,18.04774786816084,15.904625706686623,47.847529436922784,12.29601315138798,39.293781157696365,4.677831090201948,4.945135723927774,0.2980769230769231,,,,,,,,,,,0.0,0.0,0.0
1880163995,7,-0.09115906306038078,0.3137006812842414,The Kyle Kulinski Show,1.0805971116671151,6931.419155907797,2916.3326446103906,17934.575276818596,L,solo,1.0,121.5,-0.943,-0.5907643312101911,0.7882165605095541,3.04138202678553,6.33918033685977,2.8348244652474026,9.3805623636453,14.416293260454127,9.715328066827782,1.041919076445529,25.24275855486632,10.000235048259682,35.242993603126,0.2086881226517874,4.0529444965357015,15.316124094511055,19.54371410338226,28.45139332057009,19.14486279514997,38.954477770687085,5.716868751329504,5.716868751329504,0.4287508973438622,,,,,,,,,,,0.0,0.0,0.0
402050558,9,-0.04792409554414477,0.23122771059423813,The David Pakman Show,0.3667285148074946,5087.031318494871,2817.1465929796905,16056.283899744749,L,solo,1.0,76.0,,-0.439469320066335,0.6583747927031509,1.7571142207915622,5.522358979630624,2.127662117693184,7.279473200422187,8.55846110263101,11.008858485367542,0.8461760054697651,28.52023490346032,11.391359540233733,39.91159444369406,0.6535361978473009,2.984986168704589,15.374587980684034,14.643042558006416,26.091239466993247,11.847552615114282,31.149745077940924,6.789047004166611,6.6559284354574615,0.5179877593670698,,,,,,,,,,,0.0,0.0,0.0
402306412,27,0.43236400654876544,0.19179197286324245,Majority Report,-0.368023539936805,58.29989969909729,22.254262788365097,210.04419508525575,L,solo,,,,,,4.30980441323972,4.858324974924774,0.940320962888666,9.168129388164497,12.92941323971916,10.50025075225677,0.4169539869608826,29.071589769307923,17.00413741223671,46.07572718154464,,,,,,,,,,,113.81801654964896,255232.0,22.0,2083.0,-0.2500877946858786,-0.5227937999024794,-0.331189025222057,-0.3817463647577299,-0.4562120838186093,-0.4096978928023224,0.0,0.0,0.0
597919007,28,0.2308526210248755,0.007233612176435347,The Young Turks,0.626878516051054,6604.729462487937,2605.4912445712566,16017.507688150135,L,multi,2.0,78.0,-1.0779999999999998,-0.5587326120556414,0.7287480680061824,3.3909913407020467,7.367597962281914,4.182966291984433,10.75858930298396,14.65153659872414,13.6587792654265,1.309352108716967,22.16972134751749,13.742438591266188,35.91215993878368,0.3209658908317978,2.7725902746982016,14.384914069557365,17.560321715817693,6.032171581769437,16.621983914209114,42.22520107238606,4.691689008042896,5.495978552278821,0.3954970557672324,,,,,,,,,,,0.0,1.0,0.0
75462585,72,-0.23384880909742906,-0.34328045934019474,NBC Nightly News with Tom Llamas,-0.1600018410542404,5768.492523648053,1433.7994927344348,18145.55457472967,L,solo,1.0,28.0,,-0.2698795180722891,0.3036144578313253,1.3002705907936358,3.8783933139189486,0.2914399600054701,5.178663904712584,4.1249963570005,6.434097578582302,0.6922819973053013,23.06859375735605,5.716706907799606,28.78530066515566,-1.4332437399993192,4.036848414581536,15.03463752157032,14.97454327643007,26.409649051158485,9.120858177461953,38.38928367230254,3.1310408668899234,4.220098559721201,0.2074848651623555,,,,,,,,,,,0.0,0.0,0.0
929121341,8,0.759940968454779,0.18919865432389543,Louder with Crowder,2.009295500993425,7756.232216378907,3085.034955182241,24820.231734618446,R,solo,1.0,101.0,0.904,0.551622418879056,0.671583087512291,1.5233771429815002,4.256248775857653,2.029774489961614,5.779625918839153,7.00167571485728,6.553869796453377,0.5958957541302772,15.221216123691528,3.741481224795223,18.96269734848675,-0.3259015615982916,4.482230939791044,17.971324377346924,21.810823949861383,33.63596946484647,17.606327766755573,51.76785925449027,7.357868320435165,5.781182251770487,0.1554010349288486,,,,,,,,,,,0.0,0.0,1.0
HOLDOUT_beck,58,0.20926712425210864,0.04766730348777728,Glenn Beck,1.2556331479884884,91.09734224686125,29.039621718571663,309.7505299201043,R,solo,,,,,,3.627422730776488,6.465003415335515,2.062365342901148,10.092426146112002,6.61127046093134,8.761396031189985,0.3372186736211771,19.99470513294943,5.82142841471388,25.816133547663316,,,,,,,,,,0.1463870431893687,224.76765041578344,613300.0,45.0,4816.0,1.6368096503434917,0.5127701503563573,1.6173196432656158,0.0044835750333121,2.6566070258652883,1.6020622755217122,0.0,0.0,1.0
HOLDOUT_bongino,10,-0.07294702691716756,-0.0670627251417015,Dan Bongino,2.349946516486237,108.8328505398509,36.005194191949,371.1304632093205,R,solo,,,,,,2.3044343901765254,4.179471067897798,1.3454461656931267,6.483905458074323,10.062219728534767,8.358942135795596,0.7871575732158883,21.026174653225564,7.729158824194558,28.755333477420123,,,,,,,,,,0.2880897138437742,255.95621865247648,660738.0,47.0,5172.0,2.6571661990470408,1.5758378260003425,2.8168355244113283,0.0175888009681401,3.531638045147377,2.5882140233982533,0.0,0.0,1.0
HOLDOUT_kelly,20,-0.10080166699264015,-0.11244399971165613,Megyn Kelly,-0.5033282745679583,62.37025229006849,20.988012396401665,187.17927051241352,R,solo,,,,,,1.0264748390487453,2.4635396137169887,0.3284719484955984,3.4900144527657337,4.044310865852056,4.762843253186178,0.8192706280383655,20.32420181316516,3.839015898042307,24.163217711207466,,,,,,,,,,0.0671914534720269,125.99658802061803,437869.0,41.0,3505.0,-0.0159128923871057,-0.7160456634230629,-0.7780262678937063,0.2897908085515763,-0.1145283063919674,-0.282162287400712,0.0,0.0,1.0
HOLDOUT_kirk,37,0.4410202915815008,0.08205232019242903,Charlie Kirk,0.6291172672929118,76.01655346287497,24.84678094858972,290.7139717529586,R,solo,,,,,,3.186220959871823,5.082781055033623,0.6827616342582478,8.269002014905446,9.133833418299226,8.28417449566674,0.1836021896924235,24.0938994489355,7.00968611171801,31.10358556065351,,,,,,,,,,0.1794248683677602,196.6013982534272,602895.0,46.0,4827.0,0.7691840181287217,-0.1271303759429375,1.245298159692951,-0.044826944726169,1.866370547167726,0.8361413964511701,0.0,0.0,1.0
HOLDOUT_parnas,36,0.5203747585219793,0.02605774857641642,Parnas,-0.1490241372228686,68.50925975099956,24.20205300173739,198.3961398104805,L,solo,,,,,,3.0028627291351087,7.073409984184923,0.8007633944360291,10.076272713320032,12.011450916540436,14.146819968369844,0.5186277584630682,32.89802945474686,8.474745924447975,41.372775379194834,,,,,,,,,,0.4670818505338078,111.52670192023186,131807.0,44.0,1099.0,0.3372755452838314,-0.2255270895659181,-0.5588208673865193,-0.5842863697153166,-0.5204975412483597,-0.1362496951768154,0.0,0.0,0.0
HOLDOUT_rogan,365,-0.14589720972398934,0.02383438872146589,Joe Rogan,1.210630493203861,74.64945706400522,33.347225182347486,317.62332636025866,R,multi,,,,,,1.589185689480964,3.518444036793246,0.444710398702492,5.10762972627421,3.5707629072288327,4.224748787673674,0.131261506064084,8.920367409267634,2.8317588623261627,11.752126271593797,,,,,,,,,,0.0296907940969782,219.3667760366962,1473286.0,48.0,11384.0,0.6905324373422178,1.1701854624982222,1.771173579771143,-0.081168830404586,2.5050793065714205,1.4552657354706202,1.0,1.0,1.0
HOLDOUT_ryan,11,0.4117866724721651,0.03314132228379702,Shawn Ryan,0.6667858076021727,64.05970057832383,25.68130426571249,325.1795458141707,R,multi,,,,,,1.524027354518889,2.8413068121069207,0.7974561738761626,4.36533416662581,4.501197070323229,3.561970909980193,0.1265651554183011,11.412483910583308,4.713852050023539,16.12633596060685,,,,,,,,,,0.0509722796855606,194.6164329721149,1567288.0,46.0,12085.0,0.0812841879637697,0.0002324167629237,1.9188408180798249,0.1479443043960794,1.810680071729266,0.6307322254853199,1.0,1.0,1.0
HOLDOUT_shapiro,93,-0.1721014251434647,0.004356049766120639,Ben Shapiro,-0.5230974665729006,57.4962554959656,19.568053341063923,209.58241642398767,R,solo,,,,,,3.6158175582639696,7.560345803642845,1.3696278629787764,11.176163361906816,8.491692750468413,10.66483562639474,0.4638107795191328,20.909652041475983,7.816009671398882,28.725661712874867,,,,,,,,,,0.2246123061530765,151.25160870921127,455334.0,42.0,3710.0,-0.2963229299831956,-0.9327561460484224,-0.3402133236870837,0.0155494112404934,0.5940302374763858,-0.2116829461850773,0.0,0.0,1.0
HOLDOUT_thedaily,71,-0.433621024889569,-0.20560629679925116,The Daily,-0.2915030125221362,61.81339698277181,21.190978916123505,219.75121637749007,L,solo,,,,,,1.1587169595266982,3.067191951688319,0.2044794634458879,4.225908911215017,3.714710252600297,6.8500620254372455,0.4485257030685551,17.96011287266382,8.383658001281406,26.343770873945225,,,,,,,,,,0.1841982234689107,127.26062609014964,261432.0,44.0,2096.0,-0.0479498067001329,-0.6850694375379808,-0.1414897933282949,-0.0582862550416097,-0.0790642699540162,-0.27069450473071,0.0,0.0,0.0
HOLDOUT_tucker,39,0.16687217018564787,0.07155797710110333,Tucker Carlson,0.1917803808849592,56.8844746325425,24.117564042193163,285.59611324356086,R,multi,,,,,,3.502781946293135,6.636850003502782,2.101669167775881,10.139631949795916,9.648013431017931,9.537399264292889,0.3857361802961755,11.86029676551886,6.673721392411131,18.534018157929992,,,,,,,,,,0.1650130548302872,181.90176633909076,715661.0,44.0,5745.0,-0.3315198129849652,-0.2384215762981351,1.145282531937978,-0.1269420269609742,1.4539555302468583,0.2946713803212527,1.0,1.0,1.0
