show_id,show,PC1,PC2,PC3,PC4,PC5,PC6,PC7,PC8,PC9,ideology_primary,ideology_host_only,ideology_guest_only,ideology_primary_source
1043245989,The Dig,-8.139076954006667,2.6624289139691273,3.429682901004895,2.4033048274167204,1.0233413286243074,-1.9572997624548962,-2.605680032325263,0.5270675974045504,-2.048815509389786,-1.026,-1.026,-0.8935014274691357,host_full
1050430296,The New Yorker Radio Hour,-1.4919151164749316,-1.9543157736293342,0.23599273131306284,2.363662155109043,0.18389946125164724,0.8401511144216453,0.34736154487293225,-2.5608988567702564,1.0241751754583024,-0.648053711952487,,-0.648053711952487,guest
1057255460,The NPR Politics Podcast,2.8141686966367914,3.3037863777014067,0.04030000834622391,1.3782694824369381,0.7186211292694372,-1.7926017452972363,1.112456860737011,-1.0123807241993001,-0.7531532598998144,-0.3708869047619047,,-0.3708869047619047,guest
1060110806,The Nation Podcasts,-6.148809797065363,-0.9803269631655063,0.8473347602811526,2.116061254220022,-0.045937224136599716,1.2064521358292,0.6771249202109192,-0.7561818804403211,-1.7011957478847552,-0.5417941051136363,,-0.5417941051136363,guest
1072469956,Fox Across America w/ Jimmy Failla,2.51460449076744,-2.4125317330153773,-1.992119141544234,2.4811087854449116,-2.5760402373704587,-0.9190355485641931,1.6825602213996826,-0.3564035961644365,0.909909514674268,1.057,1.057,0.7640247277127874,host_full
1093260018,Slate News,-1.234211732031163,-0.7832384994146063,2.4897499788693866,-0.39315948399889356,-2.1315095434108775,2.4267808545390595,-0.8087301851880725,-1.206186019225861,0.6333118988925092,-0.3566846790074832,,-0.3566846790074832,guest
1111319839,The Conversation with Dasha Burns,0.4943876115711859,1.8188813787985,2.38799616598959,2.2667538538597434,-1.621295162890291,1.0456168422792715,1.2212526484196646,-0.45016386449571216,1.3537161502129542,0.0252430069930069,,0.0252430069930069,guest
1112258664,Russian Roulette,-6.939352287221114,5.033926974775147,2.6346578157890033,-1.2020871128970352,-0.446854750971723,1.9490626041775796,0.19708307564680086,0.010953034169457062,-0.9976690072665851,-0.6649819444444445,,-0.6649819444444445,guest
1138657182,Liberty Lockdown,-1.2313081056520419,0.4897965738858391,-4.044205933644609,0.6988988457986419,0.6827349792995502,1.9461078519643675,-2.049113720220053,1.937203104901883,0.7920656711845181,0.5476716666666667,,0.5476716666666667,guest
1147092464,Opening Arguments,2.9623788367323747,-4.089601375970803,0.6079349329022715,-3.6034283917584102,2.1682535971638077,0.6604854622104351,-1.4575192739508631,-1.1823550223794947,0.4725169451821403,-0.5127714521452146,,-0.5127714521452146,guest
1155629323,The Reason Roundtable,-0.06459114979388243,-1.3803255137563408,0.9328211206166784,1.0615583084753437,-0.5788546540928056,2.0097126887125305,1.36562545647144,-0.0538124218242165,1.8341312518719246,-0.0055,,-0.0055,guest
1169056746,The Playbook Podcast,2.822167545041453,3.3160585651211214,0.6196885679654563,1.4490858705764298,-1.019194173758502,-0.39618889568241217,1.5996935455292023,-1.397163764958314,-1.0083320457200673,-0.5778816176470588,,-0.5778816176470588,guest
1172546141,The President’s Inbox,-5.834150352960327,6.994369246763892,2.0243540694152053,-1.4128225128338565,0.1650972073226511,1.8930773181251654,0.01683851173621716,-1.3340959688171203,1.656719277168798,-0.4101216216216216,,-0.4101216216216216,guest
1192761536,Pod Save America,2.845735114537781,0.09050164240554659,0.06822036732106664,2.424246266741419,0.32028379071935986,-0.19747404480169806,-1.624884370634866,-0.9799445064858677,0.751520775369554,-0.975875,-0.975875,-0.7815779411764706,host_full
1195206601,The Intercept Briefing,-0.9897253526258557,1.1074092794640444,0.9229717206356456,0.9130413611330381,2.653091775115783,-3.0884603998987985,-4.2048766604058825,0.03268752318542761,0.27050818674659827,-0.6866402810304449,,-0.6866402810304449,guest
1200016351,Pod Save the World,-3.172895728847816,3.9607378632618016,-3.3227522187212655,0.7801204073759244,-0.45336210934064575,1.5964955290556004,-0.17643618473602024,-1.2605388339792754,-1.7903854233457042,-0.9536,-0.9536,-0.7540052044609665,host_full
1208232103,The Buck Sexton Show,0.44623879266890687,0.46383291745858085,-0.9004997739671549,1.6173802212166661,-0.44170925066899436,0.22505748790622415,-0.9597948084682026,-0.024841925181115512,1.397706066165639,0.9120407926829268,,0.9120407926829268,guest
1218054701,Rev Left Radio,-9.12604471398017,-4.0326935715325,1.140973107176454,0.1963477551145362,2.5509191765730423,0.7285412341827792,-2.8957148820454535,0.9643579902714562,-0.1435141672098045,-0.6688661858974358,,-0.6688661858974358,guest
124960485,"Best of the Left - Leftist Perspectives on Progressive Politics, News, Culture, Economics and Democracy",-2.612883499380797,-1.789997560047591,1.741741329219264,1.3443791043574604,1.0077131715845409,-1.2044234262344518,-1.4720311935603752,1.0125345508492725,-1.3279975277692846,-1.331,-1.331,-0.6834159509202454,host_full
1253076699,The Michael Berry Show,1.271938631084623,-4.5469935352384505,0.05057742808021645,-1.4789109095536865,-3.439456124190537,-1.4839262263426527,-0.06819462614422575,-0.24899255842069268,0.9075151984589676,0.405,0.405,0.5763437288135593,host_full
1258635512,Radio Atlantic,-0.954584976359377,-0.1505824106821441,0.6710849138209496,-0.7389118566192373,-0.0829003645768835,1.230614952729402,0.10659012325283365,-1.7911902125956598,0.7100100526830095,-0.2394095022624434,,-0.2394095022624434,guest
1263295815,The Pete Quiñones Show,-8.489224907972146,-1.919546379167106,-2.188115116890422,-2.2674000010964637,2.7823544456850056,-0.5328368753405947,0.6053446163896493,-0.4964396662396297,0.6852503043489143,0.5614977973568283,,0.5614977973568283,guest
1265845136,Stay Tuned with Preet,0.8757820820353829,-0.5279391156709433,1.915104476887796,-1.40971429442565,3.499146889856068,2.3650929584508424,-0.5359176235449232,-0.8678402883247712,1.331567370606841,-0.842667,-0.842667,-0.5617224958949096,host_full
1289062927,ChinaTalk,-6.444157303486922,1.7538465425830674,2.4058536726817277,-2.342013557819932,-1.4510388105726597,3.6745024910896316,1.1092926463564154,-1.4467467026651106,0.3017689940029286,-0.5055381088825215,,-0.5055381088825215,guest
1291144720,The Remnant with Jonah Goldberg,-3.6092160108772307,-2.394641627178134,0.2850010139983058,1.7556407663112434,1.2601287528231475,-0.2773546470112445,1.1023479285397864,-0.3581247943756257,1.1085503931541834,0.4200705179282868,,0.4200705179282868,guest
1294461271,GZERO World with Ian Bremmer,-5.108779984028037,4.712818489406664,2.3789851797459782,0.30635562233909724,-0.2191980209672403,0.6827813779859346,-0.025327780847373936,0.07486548610276517,0.1410043080416835,-0.808,-0.808,-0.4746984962406015,host_full
1303660358,The Fox News Rundown,-1.215956793296403,3.3542169580539007,1.0321653174062715,-0.5979972820063694,-2.487916123751464,-2.0692206875787065,0.14724068379135,-0.4994523738342712,0.9680682223055175,0.5953207093477607,,0.5953207093477607,guest
1309354521,Majority 54,3.2215206178286375,-0.05734328974169414,-0.43831014089792764,0.8909168849675206,-0.48362557267297845,0.43506483341201996,0.7860430883485147,-1.2691060515846784,0.24920368959728953,-0.5304923076923077,,-0.5304923076923077,guest
1314170606,All In with Chris Hayes,4.950237075781567,3.105431108511376,-0.7038675474174344,-0.8253848232926592,1.025985770870986,-0.3301996947432499,-1.0297045396197835,-0.7819377222976186,-1.298827372532314,-0.7304285714285714,,-0.7304285714285714,guest
1314368109,The 11th Hour with Ali Velshi,2.62029988965769,4.002368114452617,1.0444436391440919,0.09547198079619126,-0.25708507814841125,-0.6092069384661309,1.1186420460611708,0.43658545379136526,-1.7330516746561757,-0.3371621399176955,,-0.3371621399176955,guest
1317356120,The Peter McCormack Show,-5.041541818653107,-2.5210521279450733,2.6260156334689215,-1.5566330008795606,-2.644059117456578,3.6913167285327764,-0.38435949715393647,1.635850929380712,0.5402569481539374,0.1219620833333333,,0.1219620833333333,guest
1317481380,UnJustified,6.132278748327147,0.04950392040467973,-0.060216995716642616,-6.450475766941435,3.515338197929746,0.6561935689317521,-0.8611139440319108,-1.962419307037021,0.0351381907925449,-0.998,-0.998,-0.7374666666666666,host_full
1351411911,The TPM Show with Josh and Kate,3.6182073327890114,-0.927087542748909,2.4029669790407304,1.2588910818647143,1.6232638945778426,1.9372576687305676,0.4990427989902359,-0.20843633166356704,0.5373715009805811,-0.5073333333333333,,-0.5073333333333333,guest
1356662668,Politically Georgia,3.46783237994725,0.03478403137494746,4.007145371775064,1.3956877109585406,-0.13519813514960688,-3.175897879542767,-0.2671123161076502,-0.6166012059687669,1.4796988638216346,0.0272239999999999,,0.0272239999999999,guest
1362265400,Timcast News,1.9932712887247404,-1.379622812407193,-0.6554200128835254,0.20585743626950256,-2.4344235383246104,1.2702457763505068,-0.8153050718800486,0.7518128160601254,0.26784499758873087,1.00725,1.00725,0.0901446808510638,host_full
1364113251,The Beat with Ari Melber,3.4359615767726517,-0.01851166035774709,0.3527100364282842,-1.631026897783823,0.8395339548417665,2.4570206904326866,0.9056682173003348,-0.9316430605940161,-0.5928022708544256,-0.892,-0.892,-0.4971324950690335,host_full
1367201919,Deadline: White House,4.534842808096696,1.4792336188829804,-0.11498569380046429,-2.384157359116965,1.9476810481388442,-0.007810651205923031,1.8070904933820147,1.5932619307332654,-1.7417910703222899,-0.5350682489451477,,-0.5350682489451477,guest
1368074498,The Lars Larson Show Pacific Northwest Podcast,2.404493750300274,-1.6455646679949445,3.2403257250994715,-2.521136230507031,-2.702352690326371,-2.83128349635115,-1.6001441363535955,1.2017407662266442,0.8613935284018039,1.425,1.425,,host_full
1378389941,Uncommon Knowledge,-5.243139520317509,-0.9583647177113351,3.3316298179359403,-0.43410708620751326,0.03820137156922525,0.4081601818856226,3.5243814255981483,1.7294607491102048,0.48019582735710487,-1.0605,-1.0605,0.3823251082251082,host_full
1386375601,The Ben Ferguson Podcast,2.6001491278256776,1.3332033625336384,-1.6431233608981761,-0.26411848020196554,-1.208031133976457,-1.1900080426739015,-1.3614693431337515,0.18373083027876444,2.7689629527370947,2.394,2.394,1.025454054054054,host_full
1408796715,Runaway Country with Alex Wagner,2.36281164511211,0.22395202389143118,0.22568941402952347,1.4417012263201479,1.9634517690102335,0.4780436795094484,-0.24258310865499616,0.08831117485839914,-1.5845974899088364,-0.466,-0.466,-0.6246466666666667,host_full
1432118523,The Damage Report with John Iadarola,3.7456709742972496,-0.1297871641581292,-1.9815514880419376,1.71778492713429,-0.21589923776330108,1.5796025556521192,-0.27010183154011314,1.2156510462637489,0.22324139534378257,-1.017,-1.017,-0.7975705338809035,host_full
1439837349,The Political Orphanage,-3.471728022094823,-4.418287170672086,3.072035823177845,-0.9073723826764986,0.7376482229243013,-1.1043947857654586,-0.7221199564920731,0.035704776231913184,0.6209233622989142,1.226,1.226,0.0031491271820448,host_full
1441649707,Straight White American Jesus,-1.2399302414322635,-4.208082335092879,-0.4430737715718855,1.3285731848927003,3.5202965266034743,-1.974051939106863,1.5828941652877733,1.0093218365075407,-1.186945457115909,-0.369987037037037,,-0.369987037037037,guest
1447684472,The Bulwark Podcast,0.28641014900570394,0.020613940570932212,-0.15877693103703241,2.4148818006715893,0.9811916074434767,0.7635622806617701,1.2865266364732757,-0.6136957097366578,0.06217967786887482,-0.99,-0.99,-0.3013186295503212,host_full
1449848509,I Don't Speak German,-1.6563525739603464,-5.432172555435831,-2.8519694171218424,1.2659475817426813,2.2120864766165527,2.071336003654653,-1.192848101112999,-1.8019767218200253,-0.5936201984509548,-0.3691,,-0.3691,guest
1452065072,Newt's World,-1.9446016283047125,-0.622832855583607,2.5200655249107866,-1.2923157624804398,-1.8588735023461076,-1.499986938081545,1.8216555975441788,0.9227069091734419,2.617550219056903,1.3655,1.3655,0.5896342007434945,host_full
1456045551,Talking Feds,2.4780967448124565,0.8460432509191166,2.3819517037929474,-0.796919756610409,2.2417965225217347,-0.16314033208347842,1.1290687625141154,-0.18915265641150575,-0.5254636306873885,-0.5332753623188405,,-0.5332753623188405,guest
1456850698,The Graham Allen Show,1.3988596895788514,-4.069769794406037,-3.539644862931271,-0.3177469546775556,-1.6990222830275847,-0.7206283081747286,2.101428664175871,2.3950413852398595,-1.2763346621403842,1.664,1.664,0.9539844961240308,host_full
1462195742,The Al Franken Podcast,1.5262485483432915,0.006344240339946588,0.4844138203686056,0.14665321187121075,0.5039441898440811,0.08853646285707648,0.37198877040851624,0.06677772583315666,0.6366855752496305,-0.7327318493150684,,-0.7327318493150684,guest
1462703434,Know Your Enemy,-3.3502774712752705,-5.106942415599318,-0.07486686692357912,3.513325403252488,3.1862561429019483,-0.5880311964475338,1.1227043090963311,0.2009868786159006,-0.5047960488321269,-1.0765,-1.0765,-0.6965435114503816,host_full
1467297559,Hacks On Tap,3.0138927611929844,0.177061289488751,0.6730278542398317,2.215500032252612,-0.8664591725277778,1.7716268552998955,2.5326250066515055,-0.5653722499188886,0.20101964415014742,-0.425,-0.425,-0.2433588832487309,host_full
1467993804,What the Hell Is Going On,-4.039234608187512,3.1724730179088447,-0.8420093143774475,0.8886846675885451,2.1223459446267205,-0.234653557120873,0.7742744327330724,-0.8039033535085558,1.873111602896985,1.2265,1.2265,0.4224429824561403,host_full
1471411980,American Thought Leaders,-5.115815216551022,-0.41762507352582523,1.0908788973994328,-3.598522173566612,-0.15260522598985699,0.8509661769766561,-1.4765152324338868,1.7882797613199848,2.4494961932163646,0.5583967551622419,,0.5583967551622419,guest
1474001390,TRUE ANON TRUTH FEED,-3.7930904427440786,-0.8109244015633011,-3.5774964225962154,-0.1779478960133771,-1.1109744509252997,1.7238735136053989,-1.972168649532472,-1.8269594855126763,-0.7624533730535124,-0.6570603448275862,,-0.6570603448275862,guest
1476110521,Useful Idiots with Katie Halper and Aaron Maté,-0.8985742194336449,3.7785610716493143,-3.8530033775913246,1.6786298910987598,2.4453612315299345,0.15259344523942064,-2.8464555850440436,-1.7035291446208896,0.4711133498053717,-1.0075,-1.0075,-0.6404097674418604,host_full
1480605295,POLITICO Energy,0.062420005375683534,5.600965960538622,6.481842719001811,0.2720466747428573,-3.897551193425769,1.49034386843997,-0.8444071531698893,-0.010476366266020677,-1.9430694458679434,-0.3813616071428571,,-0.3813616071428571,guest
1482179882,The Mona Charen Show,-2.135426705780907,-0.03134976574275513,2.125259052233605,2.318468452320681,1.3422801209196817,-0.6515056389164647,0.9208572421801137,1.1604549094119805,1.1192804521797266,1.432,1.432,-0.2361547058823529,host_full
1484862164,Politics War Room with James Carville & Al Hunt,1.9191036415123806,-1.2913857751354159,0.8867871710978723,1.5530911126363889,0.29163034424212914,-0.30248677622124215,2.9351633488715567,-0.7488943066082099,-0.3516240089630277,-0.4364251193887297,,-0.4364251193887297,guest
1485021241,The Reason Interview With Nick Gillespie,-2.508673683796851,-3.365333410634148,1.8790514334118094,-0.9430817068401885,0.5441910355163745,1.1247043649738855,-0.4398277083075511,0.42169149018894164,1.5094968544410026,-0.1211259259259259,,-0.1211259259259259,guest
1485186805,Timothy Gordon Rules for Retrogrades Podcast,-2.846328881218444,-8.682743154069724,-2.791784013553245,-1.9027935134837224,-0.6903015495200194,-0.9614945483021001,2.9188976564524927,1.3179451575931738,-1.1782529084065547,0.952,0.952,0.5382903225806451,host_full
1485351658,Bannon`s War Room,-0.8480959354865635,1.2775226397473969,0.8738670886134533,-1.5303476654844816,-0.8999911399365306,-1.4718587273207888,1.7735726146228636,2.821232709323822,2.190727817520746,0.7660774390243903,,0.7660774390243903,guest
1490993194,Advisory Opinions,1.913782080202534,-4.818552550066875,3.230373110488894,-4.006191278189703,2.7304346677600586,-1.1807007059235557,0.17902595798326829,-0.8291255605840443,0.7671697713230289,0.2626105882352941,,0.2626105882352941,guest
1493858530,Hood Politics with Prop,-2.5072233784323306,-4.952296478987373,-0.7245142332928609,0.1523385460178117,-2.2219384702964526,-1.7376427313096112,-0.6606491898929918,-0.43833904833776416,-2.9644180742852315,-0.6156923076923076,,-0.6156923076923076,guest
1495251160,John Solomon Reports,1.1867360574425747,2.094265302467593,1.0649026742698093,-1.4156653322869923,-0.926140536108074,-2.0416953927697996,0.23623303489732916,1.2345978990848094,2.2357304151038306,0.8977303530490601,,0.8977303530490601,guest
1495601614,Verdict with Ted Cruz,2.537471288983985,1.1366951972128847,-1.4871500527353123,0.266959896763123,-1.3064232030396656,-0.451170070899765,-0.2406544516458584,-0.8247599855348619,2.7104316657137257,1.52,1.52,1.02247,host_full
1502568407,SGT Report’s The Propaganda Antidote,-2.507151199299301,-0.884830075450479,-4.0795725325354795,-1.8858228304045694,-2.3810389019100526,1.8327481302885702,-1.1466008613603453,2.728647147487899,0.3367771871790587,1.659,1.659,0.4002745098039215,host_full
1506127536,Making the Argument with Nick Freitas,-1.8871236866229286,-3.1571475340915622,0.9709716760824305,1.1293819850867843,1.5403022987966994,-2.0090174050998084,-0.026506313551138857,3.3799823114396714,0.48529934424766796,1.665,1.665,0.6566,host_full
1507444393,X22 Report,0.40799513701139317,3.953227750038051,-0.9857131920914244,-1.930042283695005,-2.1823363515300707,-1.2565165605931028,0.5263203581843433,5.605106268740357,-1.4574113215062436,1.1966190476190477,,1.1966190476190477,guest
1509826894,RealClearPolitics Podcast,1.3733642440475193,1.1164066415351326,0.9065829057242013,1.7460009172455844,-0.6062610311368964,-1.0389417172576452,1.7174555594578913,-0.9015939140007,1.8329880536236227,0.4176522561863173,,0.4176522561863173,guest
1510240831,The MeidasTouch Podcast,2.6042685386915374,3.6073959622063803,-1.0974501806700265,-0.603616401067052,-0.8122408312228037,0.5502519377782581,0.08204586929106399,0.839917586623552,-1.1813310691193666,-0.6364638364779874,,-0.6364638364779874,guest
1515399733,No Lie with Brian Tyler Cohen,5.1947330080478045,0.7579638086325328,2.9865519003052805,1.4886608745945058,0.3710181077903569,1.1164196465772032,-0.3093622285612173,2.0064329233131075,-0.9396838922362718,-1.072,-1.072,-0.842008088235294,host_full
1517313007,The Hugh Hewitt Show: Highly Concentrated,-2.212423459937523,0.5972629049116593,-1.06292533123274,1.2527346672001605,-0.29430594180439557,-2.056136551584399,2.757774891427211,-1.7576891580297516,0.5576350003741425,1.132,1.132,0.7137169642857143,host_full
1529346075,Impolitic with John Heilemann,2.2145001764359993,-1.8411238843436428,-1.2405734508621995,2.4183994860557037,1.7266977636362157,1.377066909912433,1.6966818427911816,-1.7914153131083577,1.6921411450502968,-0.872,-0.872,-0.4409525073746312,host_full
1531192509,Bad Faith,-2.023075515745506,-2.625284081114614,0.14615911922060473,5.360670986575964,0.9221212830008251,-1.326341095917464,-3.3812982459212693,-1.2012237910116503,-1.2048645420351367,-0.8151736111111112,,-0.8151736111111112,guest
1535255041,Unf*cking The Republic,-2.3763733742026503,-2.459823674845181,2.5636767392698285,1.9922160361456747,-2.1944810448782364,2.200220841549523,-0.715214257774519,0.4529487712558649,-0.4052854841810065,-0.5780000000000001,,-0.5780000000000001,guest
1535384390,Ruthless Podcast,2.907367509075601,-1.4570465895726596,-0.795954832838893,1.0470210343786093,-1.8350272772435317,1.6493013084135897,0.29948248850817377,-0.799390926238444,0.9061887677421526,0.9792150472334684,,0.9792150472334684,guest
1536169792,Talkin‘ Politics & Religion Without Killin‘ Each Other,-3.087450389950272,-4.479256677859151,0.5009732312652271,1.6460349160326238,2.2911713078110494,-1.5071318667258573,3.0245278653662626,-1.1710645615612205,-0.8336853092972304,-0.1894369863013698,,-0.1894369863013698,guest
1536984072,The Dishcast with Andrew Sullivan,-5.40589887969054,-4.038867389441177,-0.17823809391533219,0.4421728889212693,1.6542063053221772,-0.1977512334011696,3.0396409744372703,-0.5470475860647297,-0.17914970607481276,-0.977,-0.977,-0.1848996101364522,host_full
1538788132,Tangle,0.07348400835937215,0.4355410830379044,0.5784757164467436,-1.2743613669330043,-0.44275784486320474,-0.828706840709688,0.4108208619142878,-1.2303061465360163,1.1032069191212293,0.1330354166666666,,0.1330354166666666,guest
1548086514,The Arena,-5.203526886623007,-5.977249185412867,-0.7137000826574645,-2.420684146914374,-0.8757234760554025,-3.4141117943561747,2.131190027165577,1.1723938568854897,-0.3985503928234301,0.5942307692307692,,0.5942307692307692,guest
1548554104,Volts,-4.138652394071511,-0.8903258063591638,6.257693838210679,-1.1328644604420277,-4.517981334610945,2.0266947186664535,-2.2259501026196027,0.8625506807692432,-1.528045804629254,-0.7407673835125448,,-0.7407673835125448,guest
1549272440,The Daily Punch,3.919997838502755,1.8605184483057804,2.470399357977103,1.8443548487934687,-1.659738598189783,-1.0718490233458342,0.15422337758536342,-1.8323834823549576,0.3196213000611542,-0.0562900621118012,,-0.0562900621118012,guest
1549502623,Cleanup on Aisle 45 with AG & Harry Dunn,6.842253761395128,-0.9352428886548654,0.036568406972419025,-3.716827008272161,0.4665208504849172,0.38696849686293605,-1.2722853047626685,-1.5225486069441232,-0.6355604841783679,-0.8871543478260869,,-0.8871543478260869,guest
1549624070,Amarica's Constitution,0.4404287685369517,-3.505693856822613,2.7248204014040467,-4.047011059990985,4.8029177837762065,-1.8259805422752222,3.3928520750429185,-0.5927320209601079,0.33062264160587324,0.0521376811594203,,0.0521376811594203,guest
1551206847,#SistersInLaw,5.527745963791597,-2.846191682764719,1.6014784281747727,-4.604021848311976,2.1317731305927996,0.3455696934885503,0.2466555944834761,-1.6933116908493528,-1.47662948756936,-0.865,,-0.865,guest
1551582052,The Lincoln Project,1.5799984885604148,-0.3608214605665972,0.38871604966133505,0.6320359910291851,-1.0910782404009263,0.6795345966179065,1.58618979868781,0.18648762833031712,-0.06708398174317519,-0.4522202702702702,,-0.4522202702702702,guest
1567204040,The Drill Down with Peter Schweizer,1.6111095862104625,-0.06812498863583208,1.436419745868533,-0.01808382800040244,-0.1731446915776839,0.05995112696062981,0.7720079959111863,1.691714553975803,0.6433458367426619,0.849,0.849,0.4013090909090909,host_full
1568505052,MOATS with George Galloway,-3.5299560416600078,2.206016304403231,-4.481719867342586,-0.2953198170101329,0.32177317544172584,-0.7924377398299298,0.2599416053605648,0.18247141102557088,-1.59657005673165,-0.3108749539594843,,-0.3108749539594843,guest
1570045623,Breaking Points with Krystal and Saagar,0.3613899356062883,1.7189821597760675,-2.4490775962938782,1.8459617202392573,-0.14207672593851947,0.46573417487680774,-1.065837646681587,0.2050664836126095,0.32190359028814675,-0.4215460258780037,,-0.4215460258780037,guest
1570380458,The Victor Davis Hanson Show,-0.8698693984468029,0.38577340628397133,-1.3998895603506347,0.37282049287442826,-0.5883317453865661,-1.4083256010406864,0.4564891750792273,0.511781950902663,1.9235496481567151,1.373,1.373,0.86503125,host_full
1570432345,Firing Line with Margaret Hoover,-2.6357845745108,0.5345548110464658,2.4982196277206485,1.4908208675534653,1.6435867199496839,-0.5849151129372006,0.8456420248383971,0.9365109597937155,1.4412517283037076,0.595,0.595,0.0070929936305732,host_full
1573813504,The Smerconish Podcast,0.305170881049382,-0.4680472668477552,-0.026231011547887206,-1.1062986764721714,-0.9976826673239231,-0.46100647092872615,2.1073401621856513,-2.9766182418249536,1.2069641212781153,-0.2127318707705741,,-0.2127318707705741,guest
1574741668,American Prestige,-6.772200737891148,3.544429432520386,-1.5736901394845881,1.0787989672078604,0.5524375737798349,-1.0601086638916126,-0.9373518387029899,-0.8164937081138613,-2.2990647555404684,-0.7071333333333333,,-0.7071333333333333,guest
1576614213,American Conservative University,-3.61828650353489,-1.2495088913752024,-2.2785036092519433,-1.3971214190740875,-0.4394242310626153,0.27166596410338256,0.31405417418591414,1.083886851373615,1.4937496124680205,0.7005512,,0.7005512,guest
1579061364,Head in the Office,1.375241059911913,0.5304035612988367,-1.195185725027303,3.695814054876163,0.2352234339357992,-0.759444649298659,-2.5142950591397417,-0.6283927938901057,-0.3399621085927572,-0.997,-0.997,-0.6714444444444445,host_full
158004641,Political Gabfest,0.2746798076625856,-1.739254089572259,1.5153725082708824,-0.7444071677880318,0.7084488285888203,0.9011391974154761,-0.28014401335719974,-1.1802147778536818,0.37231369050625324,-0.9198333333333334,-0.9198333333333334,-0.5563210702341137,host_full
1584730781,The Benny Show,3.102986887664632,0.3428689591164855,-2.304470830638403,-1.5405737713053906,-1.1754265689192958,0.45129036679218554,0.25491666768985194,0.9759482942172283,0.33853321846562445,0.865,0.865,1.0346662637362638,host_full
1585243541,Human Events Daily with Jack Posobiec,-0.3367772919255966,-1.2760673440362738,-2.908048002813769,-1.590895686712133,-1.8411710888505306,-0.1370552881813669,0.6716030371154142,0.06741517126410698,-0.09789738522728667,0.86664921875,,0.86664921875,guest
1586423406,The Focus Group Podcast,2.207532977347184,-1.5781047919326399,1.4780109069195317,4.670183582821598,0.4243728565102025,0.5991731018313609,-0.08358607812317256,0.020166333600682936,-0.6415217088645435,0.6625,0.6625,-0.4181752577319588,host_full
1587492577,The Mel K Show,-0.5914163357527953,-1.0463224466632952,-0.2880529537832759,-2.08397988947442,0.2699818367693669,-0.12360333797489213,-0.34917984948447933,2.431685828404042,1.6261793738079917,0.537,0.537,1.0665291666666668,host_full
1587936366,The Inside Story Podcast,-6.062878142725229,6.735608033346605,0.7835794476667459,-0.44822696033229065,0.3729890123979854,-0.7772340912832167,-1.9099265830924022,0.6625741036912257,-1.1548585409062988,-0.4068951476793249,,-0.4068951476793249,guest
1592116227,The Breitbart News Daily Podcast,-0.12874332671154812,-0.3250295020035667,0.6916242065034884,0.5756709435460894,-1.5525265660666157,-2.282832916208595,-0.23957574581758434,0.4330865617196703,0.4640679626051466,1.0509801054018446,,1.0509801054018446,guest
1594728054,The Great America Show,3.022922918344479,2.2246791857769557,-0.7955052325792178,-1.0454947692634486,-1.5931113568766784,-0.18654555177603097,1.7895203082214879,2.6072988164403674,-0.2364300468194451,0.8247790883785665,,0.8247790883785665,guest
1595408601,The PoliticsGirl Podcast,1.6965918936086926,-1.8010830171696472,2.1618355108410228,1.1630093942859034,1.3205695825309582,0.3894275978513694,-0.7649436187252578,1.3984242116502046,-0.9824724062097073,-1.008,-1.008,-0.720270625,host_full
1599891719,Seattle Nice,1.5555797884939466,-3.707541790911682,5.521577857350318,-0.5334031285833704,-1.3076769051545625,-1.0965641194848195,-3.6299069907339425,-1.2810706364361792,0.8592555437188475,-1.034,-1.034,-0.6419638888888889,host_full
1606834013,The Josh Hammer Show,-0.6072775920863241,1.565753855986749,-1.685283017173045,1.1322427654021856,1.5137584494688352,-3.219169502328027,1.3148026049960835,-0.7635833800520935,0.9534389177960381,1.2273,1.2273,0.8406521739130435,host_full
1607829807,Mark Kaye Saves The Republic,5.012664793193664,0.2167940698608476,-1.5602772978572617,0.3372020670142652,-1.2675580914614997,-0.1411471960438009,1.643897902906677,0.06118231307386895,0.7168699539360184,0.976,0.976,-0.1756666666666666,host_full
1612691018,THE WEEKEND SHOW,-0.8351027085018966,1.112351621700275,0.6343871288881805,0.5338171312053871,2.6072025824984477,0.0552323323901479,-0.37050778125990247,1.9694598084447272,-0.8667768525715642,-0.6060950704225352,,-0.6060950704225352,guest
1614844654,Week In Review,4.09847441127469,-1.756081920848705,0.5763148662338761,-2.739115839488265,-0.7043465910363141,-1.1264400548710907,-0.6611536872475889,-0.5943751053180127,0.7665818826802127,0.220474074074074,,0.220474074074074,guest
1617887885,The President's Daily Brief,-4.121892741460836,7.31008352619651,-2.753314601319112,-3.0819219754952845,-1.3874003278511429,-0.8174736054916926,-1.921867210607649,-1.5922118732022954,-0.9827522191339763,0.871,0.871,0.3014429752066115,host_full
1623855270,The Foreign Affairs Interview,-7.260089105206233,6.512987921764872,1.6966970509154091,-0.714611265000382,1.655639300179257,2.2312531604882704,0.891944587915418,-0.5954200844990364,-0.06616449826652104,-0.998,-0.998,-0.4295253012048192,host_full
1633301179,Countdown with Keith Olbermann,3.2061602467724946,-2.3525256523803217,-3.4164416048334862,-0.659263516778495,-1.8447317247423778,0.15046729550363477,2.760167654112574,-2.568904861942476,-0.37936263869916287,-1.014,-1.014,0.0326714285714285,host_full
1634341981,Antiwar News With Dave DeCamp,-4.076351713421704,6.2820338052483855,-4.8838478434270565,-2.069370843190214,0.01365606861749803,-3.285422911948728,-1.2157091836342715,-1.052706704045624,-0.6110440046795886,-0.616,-0.616,0.74675,host_full
1635418897,The Chris Cuomo Project,-1.8562490059543963,-1.4962897507912758,-0.17219933692700276,3.5284723035166934,0.01852486804694422,0.9357560761510129,-0.6242957023874913,2.0175975907955612,1.4394785090364723,-0.0841726618705036,,-0.0841726618705036,guest
1635446643,The Coffee Klatch with Robert Reich,2.530039065526527,-0.3476746167717422,1.7889379752610841,1.9487648938613333,0.960866838006968,1.5575158290018867,1.0235167041807498,0.8864953641852318,-0.14638981337677304,-0.868,-0.868,-0.3116296296296296,host_full
1636762428,Dad Saves America,-4.842818387552155,-6.219264907785044,1.6075443343844376,-0.3591743401641866,-0.9763452047023243,-0.5813290175911293,0.2671261169138529,1.882330251787835,-0.6146097902767863,1.2865,1.2865,0.3559216494845361,host_full
1640311112,The Necessary Conversation,2.6534076775005717,-1.1079484220679654,-3.0524931435979696,-0.22797668099117416,-1.892752785464753,1.2172381229895863,-0.6733684146432984,0.7263847785962991,-0.24546042778089472,-0.1375576923076923,,-0.1375576923076923,guest
1645614328,Fast Politics with Molly Jong-Fast,3.1999030465350735,-0.6251718164860282,0.680232351760606,2.064661372028407,0.3579383831525821,0.956005313876558,0.37951514176700063,0.41963001143714235,-1.3846572110742865,-0.4008029991431019,,-0.4008029991431019,guest
1647025876,Wendy Bell Radio Podcast,3.4475513511638507,-0.3809738720306587,-0.468309971761245,-0.1705358187407109,-2.2518019374780778,-0.3145488133438406,-0.15897831936284496,1.0827297179927502,0.4397149965041148,-0.979,-0.979,0.5484315789473684,host_full
1647085571,The Next Level,2.9687207147822727,0.06095747947972065,-1.0817488736046974,2.9686909451002106,-0.019376709754583773,2.5383075795714163,1.1651160574004726,-0.14958941575964968,-1.5027629785606653,-0.2992140845070422,,-0.2992140845070422,guest
1648125917,Stay Free with Russell Brand,-3.354980922202352,-4.670165696344414,-3.4873223031528404,-0.569576921134321,-1.044600150872429,2.381797159696486,-0.12249958508892402,1.029790839705045,-0.7989762935458553,0.2372136563876652,,0.2372136563876652,guest
1654162813,The Kyle Seraphin Show,1.3158645958581252,-1.3088060794361114,-2.2429977737725735,-2.033993598951566,-0.9574116810706015,0.7109937541656808,-0.37953131577120197,0.7952166493436651,0.8081995979003327,0.7628226950354611,,0.7628226950354611,guest
1660317917,Defending Democracy with Marc Elias,5.058817117041458,-1.4674340603139129,3.873339841499716,-1.4427316958327996,3.236194842159174,0.5424232007937136,0.5996698321545633,0.7943765786392739,-2.0688496834320915,-0.67265625,,-0.67265625,guest
1669610956,System Update with Glenn Greenwald,-2.8947716407772486,2.2135717516189257,-3.124986360591348,-0.1294005393733701,3.44293542220183,-0.29950658529110313,0.40794748241104756,0.1702924064617049,1.119553495944436,-1.107,-1.107,0.0327718367346939,host_full
1671451793,Maiden Mother Matriarch with Louise Perry,-6.189944964863344,-7.134874268806848,0.6463377735519845,-0.9532817311694296,0.633784684119921,0.3759559978474812,-1.3552053158223687,1.146990919724686,-0.6393338927464411,-0.2035362318840579,,-0.2035362318840579,guest
1674095262,The Wright Report,-1.637204772525407,4.5585174849229455,-1.5976314875450857,-0.8841761823650763,-2.0463399729090064,-1.857025864557838,-1.2608578096956347,0.48643036230736536,0.544502157462981,0.8086818181818182,,0.8086818181818182,guest
1679657705,Main Justice,4.230298930469822,0.6887881409429639,1.1125712148311202,-5.597252131193517,4.079373811825176,-0.4626825577661819,-1.1585287043407997,-1.5114817785548933,1.0364160731320688,-0.8458333333333333,-0.8458333333333333,-0.5296160714285715,host_full
1681586867,The Warning with Steve Schmidt,0.9192479117731095,0.33343017967664357,-2.1190308657070545,0.6114188727663682,1.0832579383744174,0.4311274407959312,1.3897752002272674,1.0405615520853453,-0.23498798620568256,-0.5726826923076923,,-0.5726826923076923,guest
1692806415,The Briefing with Jen Psaki,4.73080884235114,2.7965932299960405,-0.10190737997089477,-0.6886572530200973,0.6276284256744412,-0.11406240424767239,0.6490699367622188,0.8860596303025253,-0.6387141500296888,-0.8715,-0.8715,-0.7107928950159067,host_full
1695205478,What Really Matters with Walter Russell Mead,-6.379388199965529,2.575399901834493,0.05645673459764554,1.2820093587458454,0.30129227060242286,-0.9453866024760484,1.5687527827945618,0.43918458781436376,-0.3739707686731373,-1.098,,-1.098,guest
1696974077,The Source with Kaitlan Collins,3.9903239466466487,3.8555197466541125,-0.8590569348868106,-1.2427990924446148,0.15132707032142076,-1.2415703548407804,-0.012921103638884728,-0.44262868612741163,0.7533759374134137,-1.096,-1.096,-0.0190675675675675,host_full
1702202187,Perino on Politics,1.8329224449300328,1.333897401140764,1.8657612928717937,3.7392232852551692,-1.423169867752741,-1.19901985393782,0.7288278098738108,-1.4463307532640384,1.7779255978892283,1.3355,1.3355,0.7171325757575758,host_full
1709994511,UNGOVERNED,4.37506581769864,-0.05752593220725537,-0.9743050583184998,0.7590464005934283,-1.957316402754122,-0.9046394142965707,-1.7015628039250406,-0.4867479726329959,0.6597672966940026,1.659,1.659,1.5125000000000002,host_full
1714009198,Mea Culpa,3.4968730092396427,-1.5500460728474377,-0.2316543955449867,0.16123816276258157,1.1421430502249394,2.171679229441991,-1.1678249623493053,0.2807153335769642,-0.6035035979044455,-0.3761570680628272,,-0.3761570680628272,guest
1714879044,The Tony Kinnett Cast,1.3451983661614153,1.2604432915450765,-1.274427740236526,0.634509174003746,0.5798622788517397,-0.06302589714776444,-0.4849272341037536,-1.215448892099531,0.6684947830623527,0.45454267453294,,0.45454267453294,guest
1715894000,Trump's Terms,2.693796543293724,3.5547940658898565,0.9725933082218039,-2.106416759807837,0.7166201676892092,-0.32985915888663947,-0.8330916924149925,0.770546739922347,0.2149078373751007,-0.0771976,,-0.0771976,guest
1721813926,Bad Hasbara - The World's Most Moral Podcast,-3.2466789955505337,-4.77180675485568,-4.289591010006624,1.6296361238830015,0.871908905455953,-0.219547775595289,-3.0149480554267027,-3.0290931127335683,-0.17955317314945363,-0.6896372340425533,,-0.6896372340425533,guest
1721969693,Politix,3.685785833969764,0.4717075625472716,2.054364131613009,1.9317330124318108,1.4444402567238757,2.6109766261898035,-0.4502795141562375,0.6498613617659901,0.13353733225741724,-0.1139999999999999,-0.1139999999999999,-0.9294,host_full
1722246285,The Breakdown,2.578958424968547,-0.12742338736405445,-0.8721903602798281,0.665793756237021,0.5710486724828542,1.2524828234290069,0.929860858217468,0.25665614677893367,-2.2894770458285914,-0.166076923076923,,-0.166076923076923,guest
1725387804,The Illegal News with Sarah Longwell,4.648899479500318,-1.7524289006866662,0.36616649173070187,-2.6250837472041617,3.4362695234475225,1.9788426992580013,-0.2947710132701065,-0.6978213552069488,1.2796051670504356,0.6625,0.6625,0.1307702702702702,host_full
1725442221,Hawk Podcasts,3.0820656306796947,-0.5845816241321671,-3.1136378842201626,-0.07833972581897881,1.776813591814103,-1.4335110425912618,0.04442896223815181,-0.6388362201513103,-0.4351018200135397,-1.032,-1.032,0.0079411764705882,host_full
1728152109,THE DAILY BLAST with Greg Sargent,3.399058708952491,2.7566229328449112,1.0619929590225201,1.1055954390217904,3.051683348747371,2.0910540760866687,1.300968813138228,1.9580517050214825,-0.9594092923333267,-0.5929061784897026,,-0.5929061784897026,guest
1728340033,Mission Implausible,-2.969196128893953,-1.830407425998445,-2.624998567822806,-2.4624837310121404,0.1576872748962316,2.8008377707469347,1.0763397915338515,0.012196891685679423,0.9803666439654827,-0.3849913793103448,,-0.3849913793103448,guest
1730358737,Letters from an American,1.503729809984002,3.362482202006405,0.8443339502003185,-1.3777088266991113,1.033709439670161,-1.0593993060575433,0.48780202914323584,2.1346368828938034,0.29340903986555583,-1.058,-1.058,-0.8928333333333334,host_full
1743030473,The Rest Is Politics: US,0.5152176582407832,2.7210766548070624,0.005955790542572177,1.714802822912059,-0.008339958943801492,1.2103070400657607,3.083063294135343,-0.04764853626296348,-0.015944211566958695,-0.084325,,-0.084325,guest
1750591415,Candace,-1.8015191688241852,-5.468010477175086,-5.16774474753356,-1.8496345290442986,-0.551864119272981,1.0482851281812073,-0.4523045072713213,-0.7281061146110831,0.5277976554494536,0.4221416666666667,,0.4221416666666667,guest
1751785203,Brad vs Everyone,2.1155023191755937,-5.0183336282859345,0.8630874371652699,1.5871955133369722,-0.753045890091718,0.7435795865604127,-2.302418554666135,0.6738499018902154,1.4891597713417417,-0.688,-0.688,-0.3236178571428571,host_full
1767877239,No Gods No Mayors,-1.8121073507074645,-6.427326889466122,-0.3280448297543017,-1.607765228772394,-2.5122910505194667,-1.9144193038597648,0.8981321620098923,-1.7881069029878596,-3.1024209354148273,-0.7045277777777778,,-0.7045277777777778,guest
1774505095,Raging Moderates with Scott Galloway and Jessica Tarlov,1.6095641428138998,0.2959413589127855,-0.038479325250147085,3.060244639505285,-0.7322429144673429,0.3809671324696209,0.2487260223067201,0.7107759136039138,-0.18852949215306883,-0.4850852272727273,,-0.4850852272727273,guest
1785081636,The Mary Trump Podcast,2.6955211636922973,0.7822370101544047,-0.8354160974361924,-0.9804535338089512,-0.9627444636118151,2.1847602353067903,-0.4191198658387399,0.7592916631699331,-0.2964063936466302,-0.6451460317460317,,-0.6451460317460317,guest
1788891712,It's A Numbers Game with Ryan Girdusky,0.529620811351293,-3.744447802147221,2.3983699713367743,2.587527035060998,-1.2691503412079457,-1.6992498494077328,0.21948652785463793,1.053040653199433,0.6610887497190547,1.2223333333333333,1.2223333333333333,0.4348349999999999,host_full
1790957194,The 47 Morning Update with Ben Ferguson,2.431018387273305,2.536260518743623,-1.0773089948691839,-1.1632410181358501,-0.30156537268892836,-1.7033317337579847,-1.594984579297077,0.2835900236373789,1.8085047915121626,2.394,2.394,1.1416264,host_full
1794450472,Bulwark Takes,1.2366096565100866,0.6390840849319535,-2.633176023937362,-0.22772538260577982,-0.344585300972997,0.8577351788265846,2.1714699117223604,0.2992308285533531,-0.00841810804962916,-0.5011359223300972,,-0.5011359223300972,guest
1795032531,The Jim Acosta Show,3.326319892744668,0.1034522535156174,-1.9526552137132713,0.27149153371949886,0.21352788778423276,0.052192552212454786,1.201708254030107,0.6704257478799539,-1.9302437084329618,-0.500000466853408,,-0.500000466853408,guest
1798460240,10 Minute Drill,2.407854612024142,1.877606413791205,1.5157951776942722,2.0436320092612763,-2.1104944607660654,-1.5119817802510098,-1.3012983332374364,0.4672813659031381,1.195404359389563,-1.156,-1.156,0.6131666666666666,host_full
1800671132,Destiny,-1.597548703497907,-1.598876752090035,-1.3260016406187098,1.9156238948020399,1.5784123959006384,1.4567134337909864,-3.1368043644223604,0.16534104991904736,1.4018611829216157,-0.0076521739130434,,-0.0076521739130434,guest
1805186512,Going Rogue with Lara Logan,-2.645299657237141,-2.2659752753112126,-2.4338272283373255,-3.21928023659497,0.9743737897571813,0.6519679479468118,-2.2515744270598566,2.1905872157109143,0.13706849725432335,0.6756891891891892,,0.6756891891891892,guest
1809246826,The Keith Edwards Show,3.8229667562768483,0.0033033256524168456,-2.826919958588502,0.08210500599784303,-0.5580703374101964,0.8928497195480057,0.5021700067561307,1.3747722896713916,-1.8541466476338027,-0.5766896551724138,,-0.5766896551724138,guest
1810218232,Next Up with Mark Halperin,-0.1447569367411112,0.9746468335152585,-0.2440326790259312,4.146231148235856,-0.13229915454852104,-0.1681052378142532,2.246248962111294,-1.0833855154585137,1.5334044105585056,0.2646592307692308,,0.2646592307692308,guest
1818418128,Pod Force One,0.5603683203291719,-0.7140174717915788,-1.2082021399726275,-0.7844611349464665,-0.46125772583600355,0.14062541101230575,0.40065194951452454,0.09520045185848587,2.038073451092989,0.7114673913043478,,0.7114673913043478,guest
1818658022,"Life, Liberty & Levin Podcast",-0.9192299856982508,3.3061481229970897,-0.6456015431304004,-1.1942814697290487,3.372235847761184,-2.373952638611244,0.28525479420089817,0.7966392878338194,1.7941731711330977,-0.904,-0.904,1.443,host_full
1820648828,The Joy Reid Show,1.9214214897286903,-1.622995906962409,-0.9660490705316913,0.7304758330148059,1.5678960504300667,-1.8598207432822293,-1.1579538156750346,0.4673916971332983,-1.6830054060074835,-0.572,-0.572,-0.5999426136363636,host_full
1822142909,Glenn Diesen - Greater Eurasia Podcast,-7.04033337165033,6.218750661081819,-2.2580152889977656,-1.299712716291296,0.3081157519294292,1.6323531311368673,1.1388018218734561,1.0441076240176987,-0.039087490309053806,-0.471243553008596,,-0.471243553008596,guest
1839861250,The Moment with Jorge Ramos and Paola Ramos,1.4514005891299817,-2.585833993753387,1.6105796338121512,1.5936742999613047,0.8639301832963315,-3.0030430975702744,-0.18140361238993868,-0.8751826838775627,-4.41116183840936,-0.70605,,-0.70605,guest
1843478428,Owen Report,0.48750691459140527,1.0007042445990324,-3.227927309343434,1.8058103507145753,-1.9470882769287243,-0.47964989138473113,-1.828825924577247,0.5159297557830802,0.01598113003977773,1.5358,,1.5358,guest
1865794721,Real Baron Podcast,-0.9959430876470193,-4.073465433369484,-3.126272397953472,-3.2030155554174824,-3.323958103243079,0.8918898105735066,-0.3115062290721372,-0.6305830890594168,-0.07089141211291868,1.659,1.659,0.5012142857142857,host_full
1868807558,Batya!,0.30203442324882723,0.6337308861848933,-0.841243825425703,3.8444371801299604,-0.33776513194806496,-2.1686470149433035,-0.8736039471620599,1.0279837164709078,-0.03666300112221072,0.5818163934426229,,0.5818163934426229,guest
1869456664,What's The Plan? with Leah Greenberg and Ezra Levin,2.979226700524711,-0.5403911617919425,3.745182441231362,1.1674174432393636,1.2355297396730813,-0.20300367610905287,-2.8063023152110826,-1.135565782358393,-1.4080416086387992,-0.8483090909090909,,-0.8483090909090909,guest
1871628261,The Harry Sisson Show,4.59340460753202,2.2962507767979754,-3.177750563945078,-0.5490800168208112,-0.06212434702248269,0.9783560914851295,-0.10993708589438025,-0.6345582724231907,-0.9791449030697821,-1.008,-1.008,-0.25475,host_full
1873028393,Politics Chat,1.362924382822667,2.650829295186832,0.12921915242491586,-0.8187197877212513,2.4944517646881286,-0.4526973136277761,0.3472231557253683,2.5862373016914786,-0.8790693313178729,-1.058,-1.058,,host_full
1874174561,Hope For America with Heather Delaney Reese,1.485945878900475,2.2588504047262457,-0.6238492305529059,-2.3347466069550498,1.4742152880450305,-0.142356318119765,1.6071032816080577,1.7745937282412139,-2.4332273875694233,-0.0935666666666666,,-0.0935666666666666,guest
1876034889,Breaking News from Pod Save America,2.257268866152771,2.0615766130372277,-3.155436577867893,1.2694184122558265,1.1572192328565925,0.2687152058903588,-0.8095601312372732,0.07271309868026349,-1.038279255121345,-0.975875,-0.975875,-0.6725589285714285,host_full
1877144831,Paul Krugman Podcast,-2.7337177277264586,2.7598626587784514,5.0405834734932755,0.02261305104893867,-1.4223287763656212,3.609881248613993,0.6086570164381658,1.2925797792303713,-0.5351308899412838,-0.6543916666666667,,-0.6543916666666667,guest
1880163995,The Kyle Kulinski Show,1.6716577491124258,1.1133909937816215,-3.1837229784306307,2.172198935669125,-0.10650488067248302,0.48126255141562735,-1.8661683263595088,2.4186915177693336,-0.5471329424701807,-0.943,-0.943,-0.1763729729729729,host_full
1886801652,Sidebar with Katie Phang,5.009554622645781,0.6755238136476328,-0.37447827918747606,-3.423682058316713,1.2906475766091652,-0.6837938895438795,-2.241294270249741,1.5305120886576722,-2.800731974006193,-0.5535,-0.5535,-0.8510285714285715,host_full
1889705401,Nobody Knows Anything,1.5951234427195788,-1.763142637319926,0.6694393810515324,3.164940391850292,-2.0986207041904406,0.2528334685938717,0.9000694416478018,-1.4864598514384313,-0.4840695304497913,-0.5896714285714285,,-0.5896714285714285,guest
1896576050,Brian Tyler Cohen,4.793945052344789,-0.5801181631715734,2.2728859486132014,-2.125070403027221,0.04198400480919213,2.291150874170851,-0.4998963962460371,0.8683000252513582,-1.0620835315218864,-1.072,-1.072,-0.5770909090909091,host_full
219258773,Brian Kilmeade Show,1.0438839142204515,1.8607479957272557,-1.2307223437653358,2.9430101038005643,-1.331991728654063,-1.1651272285174665,1.9787296312359475,-0.9741188221164558,1.4094748839646551,1.659,1.659,0.6683462623038042,host_full
268213039,The Political Scene | The New Yorker,0.030806387277990076,1.1848106070887814,0.5945649678966765,0.3225771232449211,1.8234760063171054,0.6531696920067903,0.044857054518815234,-2.0631124144451705,-1.3218313670999235,-0.6048131868131867,,-0.6048131868131867,guest
354628391,Renegade Talk Radio,0.4884158191873254,-0.569732535680109,-3.698555563926298,-0.15966585696230284,-1.4552499264482714,-0.22733780829875627,-1.464272959541662,1.6556938954167355,0.5072099056475956,0.3391572014051522,,0.3391572014051522,guest
380996798,"The Bob Cesca Show | Politics Podcast, News & Commentary",2.771544497558256,-1.7424634032669302,-1.3755764958843506,1.203926574579259,-1.6645509512632852,1.8765146187102,0.7144503007126548,-0.47645346852623105,-0.8072122425102101,-0.9493432,,-0.9493432,guest
387042247,Washington Today,2.2855853454203574,4.894519180374909,1.8782200803318743,-1.1199728284514445,-0.8317581769617062,-3.177788579697787,-0.009489236232427884,-0.5616662768423437,-0.6161306629630533,0.2521052631578947,,0.2521052631578947,guest
402050558,The David Pakman Show,3.28196702277003,0.8016542167647903,0.11656636506465118,1.0510417761563502,-0.8584199270255092,1.7245231674748303,-0.22020891359067238,0.6948617795321205,-0.5241198236159547,-0.1873741347905282,,-0.1873741347905282,guest
402306412,The Majority Report with Sam Seder,-0.0026955772369036623,-0.04951903642444944,1.1703211588667304,2.2782293329955334,1.5143998007241193,-1.2129457066185965,-1.9829761141045528,-0.7626759132495072,-0.7080903069841955,-0.999,-0.999,-0.7047,host_full
474763182,The Globalist,-5.87977912431376,2.775767153992168,0.778024053784438,-1.2939729841297922,-4.439857418129195,-0.6949355709661702,1.6061514668628558,-2.9714588950512355,-3.907534731504024,-1.04,-1.04,0.213875,host_full
506779862,Lectures in History,-4.611068169259464,-3.311220113731425,-1.3738778423216664,-2.232899576235072,0.7133626255226867,-3.6173853356100283,1.2959808715764662,-2.9687752343381186,-0.7880826260497744,-0.281527536231884,,-0.281527536231884,guest
545045867,Scott Horton Show - Just the Interviews,-4.048391764159557,2.7343066415373043,-3.1756468568863245,-0.4784491050175888,1.0976294063921608,0.8204358134347302,-0.3353113661205214,-0.8576717083122742,0.6979892500794389,1.125,1.125,-0.4479489417989417,host_full
597919007,The Young Turks,0.8717666235908321,2.834957692573439,-3.667075643503893,1.4057224790638303,0.20323319873011883,0.30138336776659524,-2.562785975086684,-0.07569477219437146,0.5650309377992057,-1.0779999999999998,-1.0779999999999998,-0.3129973076923077,host_full
682478916,War on the Rocks,-7.231383878498973,4.663014299866488,0.9876565647663692,-2.33493974178646,-1.9766457572873615,2.191579975339904,2.132336540557058,-2.2718254250908227,-1.5699022472442044,-1.021,-1.021,-0.3612591054313099,host_full
702998658,Week In Review,2.5486115917915457,-3.3339921106286687,5.672246289882597,-0.8574219995716765,-3.5364104419094278,-0.8033735203892468,-2.8181746620923085,-1.2347764656223554,0.15883504051214892,-0.0899024844720496,,-0.0899024844720496,guest
716825890,The Tom Woods Show,-5.0887009206955005,-0.9266965019754957,-0.20201035889980465,0.6316374073844085,-0.20388468274810748,-0.9122811722760984,0.6655435912512855,1.6485459580432686,1.5984591622524795,0.6241596590909091,,0.6241596590909091,guest
73329719,KQED's Forum,-0.40232261685997517,-4.056456631725855,5.203265557922561,-2.3075282303609486,-2.9724886440895784,-0.9628561821903723,-1.6251705427024423,-0.6380387053677765,0.7093558006467846,-0.6387834971910112,,-0.6387834971910112,guest
73330715,On the Media,0.07031271900140387,-0.6434072813791741,1.2516452488912868,0.38717674092479215,-0.1675844054491075,0.8785779023420299,-0.2098584304799816,-1.8938841286069528,-0.9324300515361302,-0.5685504176157935,,-0.5685504176157935,guest
73331636,The Brian Lehrer Show,0.1604720215733369,-0.36794303518114335,3.1030498252714738,-1.5348967353331375,-2.945821709131945,-2.341380693543971,0.7000737981777944,-0.4091166394211774,-2.57438701927511,-0.6251337143663562,,-0.6251337143663562,guest
75462585,NBC Nightly News with Tom Llamas,1.5513375444363566,1.1759153845846362,-2.1819150839995314,-2.6641317893835614,-4.224553815906116,-3.246437976848542,0.5670558907182819,-1.386942304168733,0.02464668917570563,-0.5258020833333333,,-0.5258020833333333,guest
78911087,Face the Nation with Margaret Brennan,-0.14792818693932916,6.655619328200873,1.5351167552466138,-0.6252296008286988,-0.31409598124693905,-1.151297398249645,-0.20207410922699715,0.23724855948924187,1.3219651200890636,0.0413470982142857,,0.0413470982142857,guest
791564318,Jacobin Radio,-5.699904710987304,1.7177381374729939,2.5545355800289533,1.1742482271899644,3.644733153100471,-1.246363166303534,-1.923641088337342,0.3194343669779184,-1.0123535460959334,-1.0566666666666666,-1.0566666666666666,-0.8471664676220807,host_full
91959525,This Week with George Stephanopoulos,2.6728995322462445,5.697510707901738,-0.48056394464102065,-0.8314551687429768,-0.550351496078938,-1.81976717524592,-0.04942265719097626,-0.05034575789362981,-0.28617126790172515,0.0807417582417582,,0.0807417582417582,guest
925428680,Conversations with Bill Kristol,-0.24103898286861672,4.257715194278322,3.3242209949715673,0.1542448984832951,2.7303024644427776,0.8318038858724035,1.559164569976334,0.19698128147749736,1.6895200420833647,0.3835509803921568,,0.3835509803921568,guest
929121341,Louder with Crowder,0.15492494809818672,-3.07870360763378,-2.507754513943835,1.5197732542763758,-1.040672829784649,-0.11525559903735905,-1.9424504682419363,0.33132233097184344,1.1249709926211562,0.904,0.904,0.753107722007722,host_full
956270301,Rational Security,-1.084572132807531,2.619455447496133,0.32711783706118036,-2.6180013827929054,0.2587210311427837,2.277929116938048,-1.6238687359199395,-4.5770593171589615,1.232356839921247,1.743,1.743,-0.7786270358306189,host_full
969924303,The Skepticrat,1.8599566029793653,-2.053294868783957,-1.8282248159784995,-0.6824899398895878,-1.9850680285403952,2.5227344266371845,-0.561055126151341,-0.9059725547479212,-0.21824001867557108,0.107875,,0.107875,guest
983782306,Federalist Radio Hour,-0.7817467052980144,-1.9348047756428315,-0.05827160940377556,-0.19863090635142258,1.0700826199187412,0.19341873458266726,0.5936580025557836,-0.725903098256077,2.1150309149061983,0.574423600973236,,0.574423600973236,guest
