show_id,removed_words,total_words,removed_share
1551582052,84556,379027,0.22308700963255915
1839861250,64993,332075,0.19571783482646993
1050430296,54829,293810,0.18661379803274225
1617887885,40249,217014,0.1854672970407439
1715894000,56097,305522,0.1836103455724956
1208232103,57968,322724,0.17962097643807093
1714009198,50923,283544,0.17959470135146574
1681586867,49063,290512,0.16888458996530264
1093260018,51964,318323,0.16324299532236125
1538788132,44783,295536,0.15153145471279303
1495251160,45944,315018,0.14584563421772725
1790957194,39807,283112,0.14060513153804854
1595408601,39545,287700,0.13745220716023634
1709994511,30728,239308,0.12840356360840424
1485351658,20029,161506,0.12401396852129333
1510240831,26918,221086,0.12175352577729934
1751785203,36406,309489,0.11763261376010133
1386375601,32781,281472,0.11646273874488404
1493858530,36879,318806,0.11567850040463479
1452065072,34098,298617,0.11418639930077658
1551206847,29864,266305,0.11214209271324234
1573813504,29967,274190,0.10929282614245596
1408796715,30170,277397,0.10876108970176318
1728340033,37165,349120,0.10645336846929422
1495601614,28923,274886,0.10521816316582147
1253076699,28449,271116,0.1049329438321604
158004641,29536,285056,0.10361472833408172
1057255460,29993,296079,0.10130066637620365
1507444393,25247,251253,0.10048437232590257
1635418897,24599,251989,0.09761934052676903
1586423406,31782,333158,0.09539617838983305
1509826894,26946,286700,0.09398674572724101
1674095262,24835,264354,0.09394599665599915
1480605295,23419,249287,0.09394392808289241
1476110521,24996,271908,0.09192815216911603
1725387804,24009,262139,0.09158881356837403
1794450472,26693,294766,0.09055657708148158
1200016351,27407,307646,0.08908615746669873
1669610956,14356,161986,0.08862494289629969
1309354521,23176,262634,0.08824447710502067
73329719,21759,250004,0.08703460744628086
1647085571,25840,300548,0.08597628332246429
1633301179,21609,253253,0.08532574145222367
1570045623,27229,319180,0.08530922990162292
75462585,22486,265912,0.08456180992207948
1645614328,26154,310700,0.08417766334084326
1303660358,20141,243014,0.08287999868320343
1192761536,23901,293380,0.0814677210443793
91959525,20764,257909,0.08050901674621669
1750591415,21813,272027,0.08018689321280609
716825890,22087,279234,0.07909853384616486
1785081636,17589,224723,0.07826969202084344
402050558,17843,236628,0.0754052774819548
1574741668,18671,248559,0.07511697423951658
1368074498,18856,251425,0.0749965198369295
268213039,18450,246814,0.07475264774283469
1549502623,19258,258682,0.07444661785512714
969924303,20098,270410,0.07432417440183425
1648125917,19898,272959,0.07289739484684513
402306412,16785,232189,0.07229024630796463
1606834013,20817,288231,0.07222332087804574
1810218232,19992,278429,0.07180286536244429
1456850698,21471,302474,0.07098461355356163
1896576050,18390,262870,0.06995853463689276
354628391,16728,242196,0.06906802754793638
1195206601,17519,258027,0.06789599538032841
545045867,16227,241184,0.06728058245986467
1314368109,18970,290904,0.06521051618403322
1456045551,15192,237168,0.06405585913782635
1467297559,17132,271437,0.06311593482097134
1482179882,15122,239813,0.06305746560862005
1607829807,16855,270761,0.062250471818319476
1585243541,15480,251687,0.06150496449955699
1356662668,15319,251145,0.06099663540982301
1517313007,16267,266983,0.0609289730057719
1072469956,5982,98731,0.06058887279577843
1314170606,16753,281850,0.05943941813021111
1258635512,14193,240667,0.05897360252963638
1587492577,15299,261531,0.05849784537970642
1549272440,13840,242164,0.05715135197634661
1367201919,15206,268426,0.05664875980717218
1441649707,14684,259456,0.05659533793783917
1594728054,14956,269317,0.05553307069364355
597919007,13060,236078,0.055320699090978406
1647025876,12593,228123,0.05520267574948602
702998658,15665,284025,0.05515359563418713
1671451793,14445,263718,0.0547744181284554
380996798,13867,253292,0.05474709031473556
1147092464,17711,327515,0.05407691250782407
1265845136,13596,252015,0.053949169692280224
1515399733,14775,275904,0.053551235212247736
983782306,13101,245296,0.05340894266518818
1570380458,12565,238004,0.0527932303658762
1579061364,17693,335263,0.05277349424183402
1502568407,13545,258427,0.05241325403305382
1484862164,13551,264577,0.05121760394894492
1447684472,15391,302373,0.05090070872730039
474763182,12651,250053,0.05059327422586412
1462195742,13232,261598,0.05058142646350507
1876034889,12902,258198,0.049969403326129556
1612691018,12498,253419,0.04931753341304322
73330715,11973,244707,0.04892790153121897
1584730781,12311,253697,0.04852639171925565
1820648828,12883,267393,0.04818001967141997
1155629323,12479,259866,0.04802090308081858
1696974077,12935,270960,0.04773767345733688
1364113251,12831,269866,0.04754581903611422
1692806415,12252,268111,0.04569749096456319
387042247,10821,237399,0.04558148939127798
1679657705,12154,269416,0.04511239124625115
1536169792,11200,248652,0.04504287116130174
1490993194,7581,170849,0.04437251608145204
124960485,8480,191746,0.044225172884962395
1886801652,10868,246847,0.04402727195388236
1788891712,12241,281482,0.04348768304900491
956270301,12083,278304,0.04341655168448891
1722246285,9903,234820,0.04217272804701473
1843478428,8856,221109,0.04005264371870887
1587936366,8912,226081,0.03941950009067546
1317356120,10470,269750,0.03881371640407785
1535384390,10299,265923,0.03872925621326474
1169056746,10369,267851,0.03871182112443112
1654162813,12103,315845,0.038319428833763394
1702202187,9933,260833,0.038081837804265564
1871628261,11088,291888,0.03798717316230883
219258773,3465,91746,0.03776731410633706
1634341981,9074,242761,0.03737832683173986
1818418128,9182,246253,0.03728685538856379
1536984072,8852,238326,0.037142401584384414
1043245989,8628,232978,0.03703353964752037
1529346075,9857,270267,0.03647134130322977
1869456664,10374,285083,0.036389402384568705
1317481380,9092,251765,0.036113041924016445
1660317917,9241,263484,0.035072338358306386
1728152109,7893,225535,0.0349967854213315
1774505095,9658,276092,0.03498109325876882
1138657182,9583,278877,0.03436281945086902
1576614213,7826,232014,0.03373072314601705
1714879044,8417,252454,0.033340727419648726
1743030473,8428,254979,0.03305370246177136
1568505052,6655,206672,0.03220078191530541
1548554104,7676,255202,0.03007813418390138
1362265400,8467,283697,0.029845222191281544
1506127536,8544,300814,0.028402933374111577
73331636,6681,237672,0.02811016863576694
1798460240,7572,271906,0.027847859186630675
1432118523,6969,253776,0.027461225647815397
1535255041,7012,257256,0.027256895854712814
1721813926,6638,247149,0.02685829196152928
682478916,7735,290199,0.0266541235497021
1805186512,6601,248832,0.026527938528806583
78911087,6838,260963,0.02620294831068006
1172546141,6413,251634,0.025485427247510274
1111319839,6612,259715,0.025458675856227016
929121341,7104,279873,0.025382941548488063
1112258664,6333,260266,0.02433279798360139
791564318,5316,239156,0.02222816906119855
1351411911,5373,242358,0.02216968286584309
1294461271,5479,248776,0.02202382866514455
1567204040,6089,276476,0.022023611452711988
1599891719,5975,274100,0.021798613644655237
1549624070,5198,242708,0.02141668177398355
1868807558,5779,270259,0.021383191679093017
1721969693,5048,237834,0.021224887947055508
1060110806,5385,254305,0.02117536029570791
1809246826,5023,241105,0.020833246925613322
1439837349,5266,258841,0.020344535834740246
506779862,3927,210310,0.018672435927915933
1485186805,4549,253755,0.017926740359795867
1462703434,4831,275693,0.017523114478786187
1873028393,4137,240422,0.017207243929424097
1889705401,5212,304348,0.017125133071352532
1592116227,4090,245658,0.01664916265702725
1880163995,5105,306931,0.016632402722435987
1614844654,4247,261468,0.016242905441583674
1548086514,3523,217005,0.01623464897122186
1291144720,3898,243069,0.016036598661285477
1695205478,3262,207814,0.015696728805566516
1263295815,3334,215401,0.015478108272477843
1467993804,3738,255832,0.014611151067888302
1725442221,2562,207970,0.012319084483338943
1767877239,3225,261796,0.012318752005378233
1218054701,2944,251476,0.011706882565334267
1795032531,3011,268947,0.011195514357847457
1818658022,1127,101328,0.011122295910311069
1865794721,2758,256243,0.010763220848959776
1623855270,2713,264055,0.010274374656794986
1730358737,1996,199568,0.01000160346348112
1449848509,2865,299625,0.009561952440550688
1874174561,2207,245261,0.008998577026106881
1474001390,2346,262059,0.008952182523782812
1531192509,2145,264746,0.008102105414246108
1640311112,1976,252359,0.007830115034534136
1485021241,1782,263574,0.006760909649661954
1471411980,1554,233234,0.006662836464666386
1378389941,1336,245847,0.005434274162385549
1800671132,1785,336612,0.00530284125343125
1877144831,1108,227888,0.0048620374921013836
925428680,1277,263172,0.004852339914580579
1635446643,1123,237543,0.004727565114526633
1822142909,958,213835,0.004480089788855893
1636762428,820,245384,0.0033417011704104586
1289062927,711,254573,0.0027929120527314367
1570432345,665,241628,0.002752164484248514
