outcome,wording,b_addr_net,p_addr_net,b_inten_net,p_inten_net,b_inten_Y1,p_Y1,b_inten_Y2,p_Y2,q_addr_net,q_inten_net
Q1,Please imagine a ladder with steps numbered fr,0.03831159629163471,0.48433729397313097,-0.2542483254143613,2.4591076487084006e-05,-0.21942858700266843,0.004475904882497354,-0.2932400788680197,9.087887802737042e-05,0.975936257856173,0.0011065984419187803
Q2,On which step do you think you will stand abou,0.01052739898942066,0.8375578444754995,-0.16361161055147666,0.010571756639012156,-0.0796733150930023,0.3762919296592521,-0.23630360830973884,0.011553649756729442,0.975936257856173,0.06625379112402488
Q3,Which one of these phrases comes closest to yo,0.031010548303206428,0.6015051205512221,0.27811177255426867,0.00043705076397106363,0.29780172832826524,0.0011220570637305812,0.2593622807731052,0.05609395193808964,0.975936257856173,0.006316302110735875
Q10,How often do you attend events in your communi,-0.06975578202125737,0.16130944624329022,-0.07539746811737796,0.20541791164811138,-0.008858312240210022,0.9350265798341901,-0.15157687794560354,0.02299555441852698,0.9073656351185074,0.3697522409666005
Q14B,A member of your local community,-0.015766291954368204,0.7670313858950695,-0.022742015742483752,0.5125668827104687,-0.04953240034825769,0.5506409297961743,-0.0030706492504900262,0.9644947231570796,0.975936257856173,0.6945992866490637
Q18A,Religious or faith leaders,-0.05101924505485925,0.3487972698281821,-0.10457319952723157,0.17643707501801661,-0.127608590250828,0.009192996249739611,-0.07872594366549437,0.4469305558795371,0.975936257856173,0.3480281547474538
Q18D,Education officials,0.027276410575553092,0.5541803473519663,-0.028676133633857764,0.615600536441123,-0.0166903759828241,0.8255214525083793,-0.05756336777630245,0.6083703756317554,0.975936257856173,0.6945992866490637
Q21,"On average, how much time PER DAY do you spend",0.04287200107237092,0.5082944953475023,0.17541678384193687,0.013932013643103761,0.19101506186826417,0.0007820464227593609,0.1495579514149765,0.14413476639527345,0.975936257856173,0.06625379112402488
Q22,The experiences and beliefs of people like me ,-0.0059476956576147684,0.9274837729390184,-0.1790471821545806,0.014723064694227751,-0.09406339900245596,0.38470230618873036,-0.24687860734938094,0.0027235827823276293,0.975936257856173,0.06625379112402488
Q23,How much power do ordinary citizens have to cr,0.013024973091424311,0.87188701036566,0.0013486747234382201,0.9847917564023345,0.06275281756523735,0.45779583930686535,-0.040423959348893486,0.6964076494330489,0.975936257856173,0.9847917564023345
Q27,"If you had to choose, which one of the followi",-0.05625029225856123,0.15076118404186645,0.03924413750494116,0.31538888334524157,-0.006382241457484353,0.9125100083598745,0.06688952411021751,0.2384506692473405,0.9073656351185074,0.48939654312192654
Q29,Whether or not you agree with current politica,-0.010948049956982727,0.8787722672942648,0.048345858461427096,0.6794037984268536,-0.08489074744777114,0.273117639916792,0.15127223703592205,0.40311525133099857,0.975936257856173,0.7279326411716288
Q30A,Democracy is the best form of government.,0.033865716772208655,0.5835776564502925,-0.029873446868536643,0.5881976024906593,-0.018171586938736606,0.8469569139107977,-0.047140159450648624,0.45208978493830826,0.975936257856173,0.6945992866490637
Q30B,Most people in the U.S. are committed to havin,0.03676435111312598,0.4301411442256241,0.03534082146391174,0.5720581182706819,0.017815679290510658,0.8279867587459684,0.03629662168266537,0.713401106179369,0.975936257856173,0.6945992866490637
Q30C,U.S. political leaders are committed to having,0.04711915309056053,0.5840525549579249,-0.040143645005090496,0.6328571278358136,-0.061426707641435443,0.5288475643356515,-0.021213798736750143,0.8569762381405847,0.975936257856173,0.6945992866490637
Q31,I trust that U.S. political leaders will be he,0.07167070457098441,0.08632526309272387,0.06553613111983018,0.3105004666319776,-0.03273945792004432,0.7516849164855118,0.14794399265118008,0.03769301935626033,0.9073656351185074,0.48939654312192654
Q32C,It is reasonable to assume that people who ove,0.04149166880658506,0.5051342480163669,0.26094736080516273,0.00031217901177795924,0.3314292140955298,0.00026293571461929647,0.19613633163101896,0.021423426952044498,0.975936257856173,0.006316302110735875
Q32H,The economic differences between the rich and ,0.029886377751136534,0.5957890981438397,0.04593106971561449,0.5763771545641773,0.1471667492480135,0.014438775186441653,-0.03531665777196529,0.7841475564519067,0.975936257856173,0.6945992866490637
Q33A,The Supreme Court and judicial branch,0.004173328144178284,0.9535948809496925,-0.11616952113091575,0.2257163286356948,-0.197803278354913,0.017753323282211058,-0.04970877184088006,0.6997915881487897,0.975936257856173,0.3906628764848564
Q33B,Congress and the legislative branch,0.07419871453746915,0.12719584655983684,-0.023063943614208007,0.6205546426447013,-0.019067210760021186,0.7388682532893327,-0.018352695975974734,0.735433180322862,0.9073656351185074,0.6945992866490637
Q33C,The presidency and executive branch,-0.0031844131115672837,0.9713895776942045,0.13858029302245287,0.16825041391882947,0.07318013517124887,0.3665518047484618,0.1908637159982205,0.17838199171762403,0.975936257856173,0.3480281547474538
Q33D,The peoples role in the democratic process,0.021044769537509597,0.6821661541933508,0.012172166428965923,0.8517779042816006,-0.0923127739404088,0.2900757022549037,0.10658084983525724,0.24106201019062065,0.975936257856173,0.8711364930152734
Q33E,How elections are administered,0.019195891962714554,0.7208258657607183,-0.1810696007032743,0.010572583243483086,-0.30362679642503776,0.00011508854500369043,-0.06794088750974682,0.509698754270649,0.975936257856173,0.06625379112402488
Q33F,The criminal justice system,0.009736840615103909,0.8609080933654232,-0.11632037630618833,0.08294885472189067,-0.1707155862938261,0.007816046278254028,-0.0714103561337211,0.45447421937819904,0.975936257856173,0.2840642120188969
Q33G,That all people are treated equally under the ,0.03239362844084813,0.5947975495108522,-0.06357148216230116,0.3993525099887216,-0.1279171572798546,0.11373555973482878,-0.008981851680056257,0.945922390903126,0.975936257856173,0.5990287649830824
Q33H,Freedom of the press,-0.02061339597902228,0.7725914135579481,-0.1229895172966905,0.19181649419702423,-0.24706269646792633,0.031485818372749046,-0.011927278805112712,0.9327519141507801,0.975936257856173,0.3596559266194204
Q33I,Division of power between the federal judicial,0.05939427237383105,0.43886955691167917,-0.03223137280075057,0.5891523340062296,-0.14163683413033556,0.13019380228739882,0.06891894627697072,0.48640981705118097,0.975936257856173,0.6945992866490637
Q33J,"Division of power between federal, state, and ",-0.013313266844709949,0.8831696811303188,-0.14807552733199533,0.13949118635584054,-0.1860302358957237,0.014904701358966313,-0.10914987465494702,0.4827436983319527,0.975936257856173,0.3480281547474538
Q34A,Local voting procedures and laws make it easy ,-0.005421412761866777,0.9154943406691401,-0.14566459681107016,0.10645323732062519,-0.25140204340847133,0.048867879961984294,-0.05878592110772382,0.5578330960989871,0.975936257856173,0.29939972996425834
Q34D,I would feel comfortable openly expressing my ,-0.04862442288886299,0.2935919369800088,-0.07666461706560333,0.14238282033362978,-0.07136628751150743,0.3883389068658953,-0.06985679564923941,0.29251346352789204,0.975936257856173,0.3480281547474538
Q37,Do you think young people today are more likel,0.02116849332442082,0.5768445868285501,-0.07909706185444504,0.14981385387989873,-0.10515979735923664,0.17099913292232305,-0.07147977982074946,0.19072271886730466,0.975936257856173,0.3480281547474538
Q44,"How often do you usually attend church, synago",0.015272690408804232,0.7821771542892094,-0.08352952605466231,0.10638856753229933,-0.12126230097166572,0.0877540183881227,-0.051121513472571455,0.3852736197287533,0.975936257856173,0.29939972996425834
Q46,Would you describe yourself as a born-again or,0.036480575567738295,0.27494356155953975,-0.12224282020631644,0.06304343836251262,-0.1842830222783709,0.04090940389080349,-0.06923960644643176,0.29205481870575406,0.975936257856173,0.23641289385942235
Q47,Are you currently registered to vote?,-0.002564409154100184,0.8823355113214014,0.014074509887751207,0.5614945792631976,0.04873261708293292,0.08047750392839695,-0.011148545276124838,0.7752355512100226,0.975936257856173,0.6945992866490637
Q48,Which of the following best describes your cur,0.07705632878581992,0.12468767585196068,0.03874305141398913,0.5340494391092566,0.024426928538394704,0.7095130422288387,0.05822471046513889,0.5400640116300741,0.9073656351185074,0.6945992866490637
Q49,"What is your total ANNUAL household income, be",-0.041187137311887695,0.2619305712311637,0.07539940704709273,0.17788105687092082,0.0075978545153530756,0.9082876627003997,0.12929370718933078,0.1161593112540506,0.975936257856173,0.3480281547474538
Q51,Which of the following best describes your bac,-0.055448713087078286,0.1307375734181473,-0.042271215826974635,0.46249842328169044,-0.0006790449409263977,0.9940471834817644,-0.08870306015431208,0.12251274727748002,0.9073656351185074,0.6713686789572926
ELEC,ELEC,0.017050553542552145,0.7889240330626498,0.28521229046179186,0.0005614490765098555,0.4099917953307519,3.100269921791787e-05,0.17003848836040492,0.07164772872564273,0.975936257856173,0.006316302110735875
LOWCONF10,LOWCONF10,-0.02431951291928851,0.7430131601871871,0.08583602058394987,0.28583687867602714,0.18642084820104268,0.00991676756229741,-0.004235121326930654,0.9740115931521621,0.975936257856173,0.47639479779337857
EDU,What is the highest level of school you have c,-0.19929888989115713,0.00453524440389752,-0.27583540515318306,0.008573026477356518,-0.3206898206772384,0.004868100593934014,-0.23053047137552157,0.0792245212920857,0.20408599817538842,0.06625379112402488
AGE,How old are you?,0.12231653348948357,0.3853922151458453,0.33532801764518483,0.030272737060130075,0.36458448970911866,0.018633110221015676,0.3166629795466561,0.05153997704374477,0.975936257856173,0.12384301524598668
MALE,MALE,-0.0014898245151523885,0.975936257856173,-0.014899167729806595,0.7905969932047787,-0.07864391919209805,0.1913174790677659,0.048584808375544755,0.4742180441007912,0.975936257856173,0.827368946377094
WHITE,WHITE,-0.040692601943892875,0.15263053210697372,-0.06816815666414447,0.013245854227998692,-0.05055137198983302,0.15046410883906433,-0.0916327798426041,0.004254637664158618,0.9073656351185074,0.06625379112402488
INCOME,INCOME,-0.041187137311887695,0.2619305712311637,0.07539940704709273,0.17788105687092082,0.0075978545153530756,0.9082876627003997,0.12929370718933078,0.1161593112540506,0.975936257856173,0.3480281547474538
STRONGPART,STRONGPART,-0.0022258181777624368,0.9119086095594916,0.04937914670548793,0.08837553262810126,0.04586468411986461,0.23479633888867815,0.05113230692368755,0.13881121701905777,0.975936257856173,0.2840642120188969
