show_id,llm_density,n_labelled,words_labelled
1043245989,0.9041028114834193,1400.0,161694.0
1050430296,0.4620276842499065,1400.0,173745.0
1057255460,0.8740577283634372,1080.0,129607.0
1060110806,0.8433447160424181,1400.0,166627.0
1072469956,0.8195012081978461,1040.0,134084.0
1093260018,0.6068119223228456,1400.0,171376.0
1111319839,0.9378343287457803,1400.0,173295.0
1112258664,0.9412386549361894,1240.0,143785.0
1138657182,0.7818631127673517,1040.0,126659.0
1147092464,0.7127688459338768,1400.0,173101.0
1155629323,0.7985934796773542,360.0,44507.0
1169056746,0.983885916501664,1262.0,142422.0
1172546141,0.9457751241924575,360.0,42877.0
1192761536,0.8894985179706805,1400.0,174423.0
1195206601,0.8963147506258424,1400.0,166176.0
1200016351,0.8897193642192299,1400.0,171254.0
1208232103,0.830070649723067,1400.0,172966.0
1218054701,0.7072919774245201,1400.0,164249.0
124960485,0.7341615200217281,720.0,84683.0
1253076699,0.455884913380343,360.0,45948.0
1258635512,0.7486096995941144,1286.0,158419.0
1263295815,0.659060497218114,240.0,28398.0
1265845136,0.8278734036646308,1400.0,169294.0
1289062927,0.6369126431134783,1400.0,166913.0
1291144720,0.7563907680525418,1400.0,172358.0
1294461271,0.8606135499274153,1400.0,166702.0
1303660358,0.8125459951134791,280.0,33971.0
1309354521,0.7646057736752903,1167.0,142786.0
1314170606,0.9313186813186813,240.0,29120.0
1314368109,0.8829432500238178,255.0,31489.0
1317356120,0.42743860944186207,1400.0,173398.0
1317481380,0.9009982441707698,1360.0,162886.0
1351411911,0.8906675167647695,1400.0,175666.0
1356662668,0.9086405745566837,1400.0,170984.0
1362265400,0.8489313087490962,1400.0,172875.0
1364113251,0.7440406663751982,1235.0,153247.0
1367201919,0.8414672259231845,496.0,60795.0
1368074498,0.8681841173495195,80.0,9885.0
1378389941,0.7519201403924607,720.0,87754.0
1386375601,0.8407527688843273,1080.0,130558.0
1408796715,0.8638638027825238,400.0,49164.0
1432118523,0.8971513089068193,1320.0,166322.0
1439837349,0.643459175274834,1280.0,156731.0
1441649707,0.6445962416031291,1177.0,141124.0
1447684472,0.9009876708358415,360.0,44853.0
1449848509,0.6766005005956285,1240.0,149422.0
1452065072,0.6250797807591838,1240.0,151979.0
1456045551,0.920205070768082,1240.0,149997.0
1456850698,0.6562962220160946,1240.0,159556.0
1462195742,0.8120786922194202,1160.0,145529.0
1462703434,0.8152573204136379,1200.0,141283.0
1467297559,0.9408100921728918,1200.0,151563.0
1467993804,0.9399817066609276,600.0,74344.0
1471411980,0.7291099068890153,280.0,33401.0
1474001390,0.7078710253928067,320.0,40287.0
1476110521,0.8531106489905554,1160.0,138492.0
1480605295,0.8966855423118045,1111.0,126265.0
1482179882,0.8692132536373834,974.0,119454.0
1484862164,0.8749094627412551,1120.0,140826.0
1485021241,0.7001137368886642,320.0,39565.0
1485186805,0.4522145194067711,1120.0,138766.0
1485351658,0.8478995018202721,680.0,83504.0
1490993194,0.8232660731517961,1120.0,137823.0
1493858530,0.5408965386797806,1040.0,132175.0
1494037881,0.8629431162407255,42.0,4852.0
1495251160,0.830278379780837,1080.0,131044.0
1495601614,0.866729513368862,1080.0,131537.0
1502568407,0.7051711182457818,120.0,14639.0
1506127536,0.6975844229907532,400.0,49098.0
1507444393,0.854926913155632,240.0,29075.0
1509826894,0.9415952292210212,440.0,53660.0
1510240831,0.8393067967356366,960.0,116041.0
1515399733,0.9668078314871292,1040.0,126566.0
1517313007,0.8461092128167107,120.0,15511.0
1529346075,0.7158769533700762,840.0,103603.0
1531192509,0.850966492189754,200.0,24263.0
1535255041,0.7583454217767814,960.0,113745.0
1535384390,0.8334392093126861,960.0,121211.0
1536169792,0.6446131628507968,960.0,118409.0
1536984072,0.6355652107759021,960.0,118301.0
1538788132,0.7792375753683685,960.0,112116.0
1548086514,0.10733714604547356,1400.0,172056.0
1548554104,0.6051425551637803,960.0,115429.0
1549272440,0.9438514227922585,920.0,108765.0
1549502623,0.9087985995123302,920.0,111961.0
1549624070,0.9047527700894284,920.0,109473.0
1551206847,0.8403472913718708,920.0,114486.0
1551582052,0.7679122807017544,920.0,114000.0
1556687660,0.4342615438843849,23.0,2837.0
1567204040,0.945099484156227,320.0,37996.0
1568505052,0.9363980979930613,880.0,105783.0
1570045623,0.8271505001163061,880.0,107475.0
1570380458,0.8422812420892751,760.0,94808.0
1570432345,0.8573823949011543,880.0,107946.0
1573813504,0.6863160747645459,843.0,103311.0
1574741668,0.9072038238306589,120.0,14645.0
1576614213,0.63938271888871,360.0,43481.0
1579061364,0.9135033795451182,840.0,101345.0
158004641,0.7118779389577378,1400.0,170341.0
1584730781,0.935116736181025,840.0,104295.0
1585243541,0.8298175958374185,840.0,103013.0
1586423406,0.9036496170610978,640.0,81214.0
1587492577,0.7616594178655068,120.0,14945.0
1587936366,0.9666422734479815,280.0,32796.0
1592116227,0.8456809160457227,800.0,100519.0
1594728054,0.9648265018200616,776.0,92854.0
1595408601,0.8339000409668169,800.0,97640.0
1599294971,0.7542574257425743,40.0,5050.0
1599891719,0.8937291785162915,800.0,98456.0
1606834013,0.9103547459252157,120.0,14602.0
1607829807,0.8772005991273579,363.0,46067.0
1612691018,0.9182301573577728,760.0,92528.0
1614844654,0.5917829406703047,760.0,91809.0
1617887885,0.8255446445990765,680.0,76885.0
1623855270,0.9684817596566524,440.0,52192.0
1633301179,0.6030701193793297,640.0,78238.0
1634341981,0.9926729884985857,680.0,80251.0
1635418897,0.7034943473792394,680.0,87570.0
1635446643,0.9288496939081297,775.0,93436.0
1636762428,0.4439696937858252,680.0,85659.0
1640311112,0.8449117193303239,680.0,87505.0
1645614328,0.877068250800137,680.0,84673.0
1647025876,0.8755513333785709,120.0,14737.0
1647085571,0.8827870098583808,680.0,85511.0
1648125917,0.6858585072147825,640.0,77064.0
1654162813,0.7559334956590177,640.0,81318.0
1659250199,0.9144234632382483,40.0,4978.0
1660317917,0.9577063690590726,640.0,77955.0
1669610956,0.900360927104321,600.0,68989.0
1671451793,0.41907985103159207,600.0,70619.0
1674095262,0.7816691615657098,563.0,67471.0
1679657705,0.8896457199817253,600.0,72231.0
1681586867,0.8225948940630381,560.0,66785.0
1692806415,0.9389865260691271,560.0,68280.0
1695205478,0.8998948645369996,520.0,61825.0
1696250206,0.743202416918429,15.0,1655.0
1696974077,0.8932848288029478,520.0,64049.0
1702202187,0.9245563274589593,520.0,64631.0
1709994511,0.8419782083904221,120.0,15327.0
1714009198,0.9049148871218619,560.0,68791.0
1714879044,0.8681379026307209,480.0,58273.0
1715894000,0.9376618605932593,472.0,54445.0
1721813926,0.8019519571119282,480.0,58198.0
1721969693,0.9492225685670546,446.0,54217.0
1722246285,0.9257019438444924,440.0,53245.0
1725387804,0.9028043926886793,440.0,54272.0
1725442221,0.8735616753605401,440.0,52144.0
1728152109,0.9511307267206096,440.0,53019.0
1728340033,0.6585245901639344,440.0,54900.0
1730358737,0.9715144463835563,478.0,51570.0
1743030473,0.9002153195900953,400.0,50158.0
1750591415,0.5902460527370361,400.0,49908.0
1751785203,0.703670358660832,400.0,47761.0
1763234285,0.9476282464048079,40.0,4659.0
1767877239,0.7013816019587268,360.0,45744.0
1774505095,0.9240716180371353,360.0,45240.0
1785081636,0.9125429972102598,320.0,36921.0
1788738240,0.0,6.0,648.0
1788891712,0.8165412222835721,280.0,34411.0
1790957194,0.8648735558260789,1080.0,130611.0
1794450472,0.8421736158578264,120.0,14630.0
1795032531,0.9406226960812114,280.0,35266.0
1798460240,0.9848328486099384,280.0,31977.0
1800671132,0.7507391469804748,280.0,34161.0
1801103648,0.8376995497339337,40.0,4886.0
1805186512,0.6786835185342268,280.0,35367.0
1809246826,0.9133345128568059,280.0,33912.0
1810218232,0.8320659488559893,240.0,29720.0
1818418128,0.8592918226465639,240.0,29117.0
1818658022,0.943898387208417,240.0,28894.0
1820648828,0.8733189887036041,240.0,29744.0
1822142909,0.947498826352303,320.0,38342.0
1839861250,0.6471106483520884,200.0,24971.0
1843478428,0.777331612409771,160.0,20919.0
1849994842,0.6013220409006403,40.0,4841.0
1865794721,0.5807385041202743,120.0,15897.0
1868807558,0.9416592902550898,200.0,24854.0
1869456664,0.9653998092902875,120.0,14682.0
1871531782,0.9464167585446527,36.0,4535.0
1871628261,0.9420209253015398,240.0,28769.0
1871930209,0.8926296633303002,26.0,3297.0
1873028393,0.9530556748246743,120.0,13974.0
1874174561,0.9872488958541102,120.0,14038.0
1875402719,0.9066666666666666,4.0,450.0
1876034889,0.9397497996306234,240.0,28697.0
1877144831,0.8125204753253715,280.0,33577.0
1880163995,0.922016633959443,680.0,85608.0
1884144340,0.8796258641724278,40.0,4918.0
1886801652,0.863525814745327,120.0,14391.0
1889550138,0.8695887445887446,15.0,1848.0
1889705401,0.9000097077953597,80.0,10301.0
1896576050,0.9417967102488402,80.0,9484.0
1896897095,0.8898858075040783,40.0,4904.0
219258773,0.7886826356423884,1040.0,131338.0
268213039,0.7560182391202307,240.0,29826.0
354628391,0.6989029017923009,1365.0,169447.0
380996798,0.7471719869318295,1200.0,150901.0
387042247,0.9850091016168755,80.0,9339.0
402050558,0.8859620148637489,680.0,84770.0
402306412,0.8540966386554621,80.0,9520.0
474763182,0.656491203671511,120.0,14381.0
506779862,0.7127467300832342,1400.0,168200.0
545045867,0.8965211042484756,840.0,101354.0
597919007,0.9262143100570115,1400.0,173123.0
682478916,0.7799322145776739,1320.0,157556.0
702998658,0.7415667919532893,680.0,84606.0
716825890,0.7477869888998173,800.0,99638.0
73329719,0.49443210672525095,1040.0,125631.0
73330715,0.6875657404890502,1400.0,169226.0
73331636,0.7081038733611373,360.0,43399.0
75462585,0.31349716210316225,1301.0,160330.0
78911087,0.9003255373131692,1400.0,169873.0
791564318,0.8532833497859146,1400.0,165121.0
91959525,0.9244501225786402,240.0,28961.0
925428680,0.8741348086762353,1400.0,170627.0
929121341,0.7263516347105498,1400.0,178839.0
956270301,0.8383015979845025,1400.0,167899.0
969924303,0.7316629869335493,1400.0,171661.0
983782306,0.7804094098049057,760.0,93647.0
