show_id,nw,rp,pc,media,media_negw,rp_rate,pc_rate,media_rate,media_neg,antimedia_rate
1043245989,2515523,2770,2052,840,51.235,11.011626608065201,8.157349386191262,3.3392658306046097,0.06099404761904762,0.20367533908455618
1050430296,841625,433,497,491,24.372,5.14480914896777,5.905242833803653,5.83395217585029,0.049637474541751526,0.2895826526065647
1057255460,462616,255,876,1284,42.69,5.512131011465232,18.935791239386447,27.75520085773082,0.033247663551401865,0.9227955799194147
1060110806,1146770,794,1069,879,52.336,6.923794658039537,9.32183436957716,7.665006932514802,0.059540386803185436,0.45637747761102926
1072469956,1996475,1780,2078,3198,212.774,8.915713945829525,10.408344707547052,16.018232134136415,0.0665334584115072,1.0657483815224333
1093260018,1274959,640,1063,772,42.334,5.019769263168462,8.337523010543869,6.0550966736969585,0.05483678756476684,0.3320420499796464
1111319839,1096319,692,1279,993,41.307,6.312031443402879,11.666312451029308,9.057582692628698,0.04159818731117825,0.37677902143445474
1112258664,927332,845,391,284,15.324,9.112162634310042,4.2163971479470135,3.062549335081718,0.05395774647887324,0.16524826060138115
1138657182,1574541,1675,1314,674,52.601,10.63802085814215,8.345289198566439,4.280612572171827,0.07804302670623145,0.334071961289036
1147092464,1970175,854,875,806,54.869,4.334640323829102,4.441229839988833,4.091007144035428,0.06807568238213399,0.2784981029603969
1155629323,502204,260,393,330,24.464,5.177178994990084,7.825505173196549,6.571034878256644,0.07413333333333333,0.48713271897475924
1169056746,261483,163,233,455,24.401,6.233674846930776,8.910713124753807,17.400748805849712,0.05362857142857143,0.9331773002451402
1172546141,285058,110,125,59,3.887,3.8588638101719654,4.385072511559051,2.0697542254558723,0.06588135593220339,0.13635821481944024
1192761536,2277015,1879,3435,2176,146.912,8.252031716962778,15.085539620951113,9.556370950564665,0.06751470588235295,0.645195574030035
1195206601,1374130,1141,1525,1439,101.257,8.303435628361218,11.097931054558158,10.472080516399467,0.07036622654621265,0.7368807900271445
1200016351,2306529,2007,1591,2169,168.472,8.701386368868548,6.897810519616272,9.403740425548518,0.0776726602120793,0.7304135347962241
1208232103,1552582,1349,1303,2218,169.113,8.688752027268125,8.392471379933555,14.285879908436398,0.07624571686203788,1.0892371546237172
1218054701,2345646,1611,1410,393,27.7,6.868044027103834,6.011137230426074,1.6754446323102463,0.07048346055979643,0.11809113566156189
124960485,1270284,1063,1228,904,72.836,8.368207424481454,9.667129555280551,7.116518825711416,0.080570796460177,0.5733835898114122
1253076699,288975,169,213,97,7.08,5.848256769616748,7.370879833895666,3.356691755342158,0.07298969072164949,0.24500389307033482
1258635512,789364,595,792,467,28.159,7.537713906385394,10.033393972869296,5.916155284507528,0.06029764453961456,0.3567302283863971
1263295815,1148416,927,496,210,18.841,8.071987851092286,4.318992420864912,1.8286056620597413,0.08971904761904763,0.16406075847079804
1265845136,1224867,945,1111,768,42.234,7.715123356250107,9.070372538406211,6.270068505396912,0.054992187500000005,0.3448047828866318
1289062927,1505868,736,689,379,19.943,4.887546584428383,4.575434234607549,2.5168208634488547,0.05262005277044855,0.13243524664844464
1291144720,1997665,1696,1551,1223,74.076,8.489911972227576,7.764064545356704,6.122147607331559,0.060569092395748154,0.37081292408887373
1294461271,744368,552,506,272,17.274,7.415686864561615,6.79771295918148,3.6541065709434046,0.06350735294117647,0.2320626356855749
1303660358,179355,80,155,332,13.955,4.460427643500321,8.642078559281872,18.51077472052633,0.04203313253012048,0.7780658470630871
1309354521,1396288,983,1393,607,33.318,7.040094880139341,9.976451849475179,4.3472406838703765,0.05488962108731466,0.2386183939130036
1314170606,289202,270,546,304,17.456,9.3360350205047,18.879537485909502,10.511683874938624,0.05742105263157895,0.6035919530293705
1314368109,195233,138,320,234,12.539,7.068477152940332,16.390671658992076,11.985678650637956,0.053585470085470085,0.6422582247878177
1317356120,2452707,1551,1483,438,24.242,6.323625284226775,6.046380590914446,1.7857819951588185,0.05534703196347032,0.09883773316584493
1317481380,1627677,1295,901,1337,76.863,7.956123972999557,5.535496293183475,8.214160426177921,0.057489154824233356,0.47222514049163317
1351411911,1466448,882,1039,1370,66.767,6.014533075840398,7.085147240133983,9.342301943198803,0.04873503649635036,0.4552974261617186
1356662668,1009255,537,1742,676,20.448,5.320756399522421,17.260256327687255,6.698009918206995,0.030248520710059172,0.202604891727066
1362265400,1661217,1540,1492,3319,310.323,9.270312066394698,8.981367274714863,19.97932840802857,0.09349894546550165,1.8680461372596113
1364113251,1011859,934,1116,1173,71.835,9.2305350844337,11.029204661914358,11.592524254861598,0.06124040920716112,0.7099309291116648
1367201919,364325,302,694,445,23.487000000000002,8.289302134083579,19.04892609620531,12.21436903863309,0.05277977528089888,0.6446716530570233
1368074498,187419,109,377,103,6.567,5.815845778709736,20.11535650067496,5.4957074789642455,0.06375728155339806,0.35039136907143886
1378389941,808961,489,599,330,19.554,6.044790787194933,7.404559675929989,4.07930666620517,0.05925454545454545,0.24171746227568447
1386375601,799627,797,948,1292,108.626,9.96714718237378,11.85552763976204,16.157533449971048,0.08407585139318886,1.358458381220244
1408796715,435450,441,1385,354,23.395,10.127454357561144,31.806177517510623,8.129521184981055,0.06608757062146893,0.5372603054311631
1432118523,1531405,1651,1690,1518,120.273,10.780949520211832,11.035617619114474,9.912466003441285,0.07923122529644268,0.7853768271619853
1439837349,1694770,997,1132,485,27.287,5.882804156316197,6.679372422216584,2.8617452515680593,0.05626185567010309,0.16100709830832502
1441649707,669956,344,410,331,16.161,5.1346655601263365,6.119804882708714,4.940622966284353,0.048824773413897286,0.24122479685233064
1447684472,589854,484,526,283,19.105,8.20542032435145,8.917460931010046,4.797797421056736,0.06750883392226148,0.32389370929077366
1449848509,1725279,885,984,751,48.693,5.129605124736347,5.703425359028888,4.352919151047454,0.0648375499334221,0.28223261281218864
1452065072,978655,774,869,480,25.56,7.908813626865443,8.879533645666758,4.904690621311903,0.05325,0.2611747755848588
1456045551,1246354,928,1426,917,38.801,7.445717669297808,11.441372194416674,7.3574602400281135,0.04231297709923664,0.3113160466448537
1456850698,1467738,1066,1127,662,50.438,7.262876616943896,7.67848212691911,4.510341763993302,0.07619033232628399,0.3436444379037676
1462195742,1169772,751,1139,639,37.92,6.4200545063482455,9.73694019005413,5.462602968783661,0.05934272300469484,0.32416573486115247
1462703434,1356054,1207,1062,829,40.959,8.900825483350959,7.8315465313328225,6.113325870503682,0.04940772014475272,0.30204549376352274
1467297559,1475496,1046,1976,1158,64.401,7.089141549689054,13.392106789852361,7.848208331300119,0.0556139896373057,0.43647017680834105
1467993804,717547,445,864,407,27.406,6.201684349596612,12.041023096744881,5.6721023152490355,0.06733660933660933,0.3819401377192016
1471411980,326310,328,314,134,7.946,10.05179124145751,9.6227513713953,4.1065244705954465,0.05929850746268656,0.24351077196530904
1474001390,262166,126,106,132,10.18,4.80611520944745,4.043239779376425,5.034977838468756,0.07712121212121212,0.38830359390615105
1476110521,1544313,1439,1328,1952,150.114,9.318059227630668,8.599293018967009,12.63992467848163,0.07690266393442623,0.9720438797057332
1480605295,225910,55,136,50,2.02,2.43459784870081,6.020096498605639,2.213270771546191,0.0404,0.08941613917046612
1482179882,1047513,941,1290,666,38.65,8.983182070294117,12.31488296565293,6.357916321802212,0.05803303303303303,0.3689691679244076
1484862164,1364331,1054,1402,1092,70.179,7.7253980155841955,10.27609868866133,8.003922801724801,0.06426648351648352,0.5143839728042535
1485021241,378107,224,275,194,10.287,5.924248955983359,7.273073495068856,5.130822756521303,0.05302577319587629,0.2720658437955394
1485186805,1504344,1037,509,333,20.09,6.893370133426929,3.383534617082263,2.2135894449673743,0.06033033033033033,0.1335465824306143
1485351658,826787,808,1153,611,36.969,9.772770979708195,13.945550667826174,7.390053302724885,0.060505728314238956,0.44714055736241626
1490993194,1434715,694,809,475,25.967,4.837197631585367,5.6387505532457665,3.3107620677277367,0.05466736842105263,0.1809906497109182
1493858530,961854,434,438,192,11.724,4.512119302929551,4.553705655951943,1.9961449450748243,0.0610625,0.12188960070863146
1494037881,8908,7,4,1,0.025,7.858105074090704,4.49034575662326,1.122586439155815,0.025,0.028064660978895376
1495251160,1127665,1100,1479,949,45.697,9.754670048285616,13.115597274013115,8.415619887111864,0.048152792413066386,0.4052355974513708
1495601614,923734,995,904,1240,98.778,10.771499154518509,9.786367071039932,13.423777840806986,0.07965967741935484,1.069333812547768
1502568407,167823,250,208,54,3.726,14.896647062679133,12.394010356149039,3.2176757655386923,0.069,0.22201962782216977
1506127536,817789,771,842,216,13.919,9.427859753555012,10.296054361210532,2.641268102163272,0.06443981481481481,0.17020282737967862
1507444393,409800,584,1065,367,36.362,14.250854075158614,25.988286969253295,8.955588091752073,0.09907901907356949,0.8873108833577356
1509826894,542062,324,636,718,37.807,5.977176042592913,11.732975194719423,13.245717279573187,0.05265598885793872,0.6974663414886121
1510240831,851855,750,875,797,56.434,8.804315288400021,10.271701169800025,9.356052379806423,0.07080803011292346,0.6624836386474223
1515399733,970023,947,1498,697,41.04,9.762655112301461,15.442932796438848,7.185396634925151,0.05888091822094691,0.423082751646095
1517313007,182422,122,148,110,7.163,6.687789849908453,8.113056539233206,6.029974454835491,0.06511818181818183,0.3926609729089693
1529346075,1427820,846,1115,1001,52.584,5.925116611337564,7.809107590592652,7.010687621689008,0.052531468531468534,0.3682817161827121
1531192509,292822,319,267,123,8.686,10.893990205653946,9.118167350813804,4.200504060487258,0.07061788617886179,0.29663071763733595
1535255041,1000378,789,640,465,32.036,7.887018706928781,6.397581714112065,4.6482429641595475,0.06889462365591398,0.3202389496770221
1535384390,1596402,882,1425,2113,130.071,5.524924173234561,8.926323069001416,13.236014487578943,0.06155750118315192,0.8147759774793567
1536169792,1272151,635,913,892,38.858,4.991545814922914,7.176820990589953,7.011746247104314,0.04356278026905829,0.30545116106499937
1536984072,1193035,994,709,951,53.834,8.331691861512864,5.942826488745092,7.971266559656674,0.05660778128286015,0.4512357139564221
1538788132,821833,776,863,954,64.57600000000001,9.44230762210814,10.500916852937275,11.608197772540164,0.06768972746331238,0.7857557435634734
1548086514,541521,476,257,22,1.479,8.790056156640278,4.74589166440452,0.4062630996766515,0.06722727272727273,0.027311960200989437
1548554104,1092916,277,527,164,8.598,2.534504024097003,4.8219625295997135,1.5005727796097779,0.05242682926829269,0.07867027292124922
1549272440,247110,75,98,137,5.036,3.0350855894136215,3.965845170167132,5.544089676662215,0.03675912408759124,0.20379588037715995
1549502623,1084694,871,658,802,49.285000000000004,8.029914427479087,6.066226972768357,7.393790322431949,0.06145261845386534,0.4543677756122925
1549624070,1441726,954,1351,614,23.656,6.617068707923697,9.370712604198024,4.258784262751729,0.03852768729641694,0.16408110833820017
1551206847,1183877,727,1010,587,31.997,6.1408406447629265,8.531291679794439,4.958285362415183,0.05450936967632027,0.2702730097805769
1551582052,1003362,715,1101,508,30.061,7.126042245969052,10.97310840952717,5.062978267066124,0.0591751968503937,0.299602735602903
1556687660,2850,0,2,4,0.054,0.0,7.017543859649122,14.035087719298245,0.0135,0.18947368421052632
1567204040,225132,269,234,162,10.206,11.94854574205355,10.393902244016843,7.195778476627046,0.063,0.4533340440275038
1568505052,1397632,1941,1664,1232,94.992,13.8877758952285,11.905852184265958,8.814909790273834,0.0771038961038961,0.6796638886344905
1570045623,1578948,1497,1470,2016,128.469,9.480996207601518,9.30999627600149,12.767994892802044,0.06372470238095237,0.8136366745453301
1570380458,901684,628,777,532,37.767,6.964745964218063,8.617209576747507,5.900071421917213,0.07099060150375941,0.418849619157044
1570432345,764997,584,862,494,32.764,7.634016865425616,11.268018044515207,6.457541663562079,0.06632388663967612,0.4282892612650769
1573813504,449713,214,335,635,27.261,4.7585904788164894,7.449195375717402,14.120116607703135,0.04293070866141732,0.6061866123505436
1574741668,86572,46,27,24,1.675,5.313496280552603,3.118791295106963,2.772258928983967,0.06979166666666667,0.19348057108533936
1576614213,368845,301,331,202,16.035,8.160609470102617,8.973959251175968,5.476555192560561,0.07938118811881188,0.43473545798370594
1579061364,1893974,1448,1779,1261,107.325,7.645300305072826,9.392948372047346,6.657958345785106,0.08511102299762094,0.5666656458853184
158004641,1798789,1402,1868,1383,80.583,7.7941326081046745,10.384764416504659,7.6885059893072505,0.05826681127982646,0.447984727502781
1584730781,1377862,1519,1585,1657,122.811,11.024326093614599,11.503329070690679,12.025877772955493,0.07411647555823778,0.8913156760256107
1585243541,827411,684,789,693,39.74,8.2667501398942,9.535768801720064,8.375523168050702,0.057344877344877344,0.48029334877104607
1586423406,777599,734,2579,622,30.349,9.439312550556263,33.16619491537412,7.998981480171657,0.04879260450160772,0.39029113977770036
1587492577,223496,212,410,156,15.422,9.485628378136521,18.344847335075347,6.9799906933457425,0.09885897435897437,0.6900347209793464
1587936366,158508,90,97,37,3.5229999999999997,5.677946854417443,6.119564943094355,2.3342670401493932,0.0952162162162162,0.22226007520125166
1592116227,861706,645,964,720,53.553,7.485151548207857,11.187110220887401,8.355518007301795,0.07437916666666666,0.6214764664514346
1594728054,548312,811,801,575,40.443,14.7908490056756,14.60847108945272,10.486730182815624,0.07033565217391304,0.7375910065801952
1595408601,909044,943,1699,533,35.703,10.37353527442016,18.689964402163152,5.863302546411394,0.06698499061913697,0.39275326606852917
1599294971,5472,2,2,11,0.504,3.654970760233918,3.654970760233918,20.10233918128655,0.04581818181818182,0.9210526315789475
1599891719,618611,175,630,268,14.383000000000001,2.8289183347855116,10.184106005227841,4.332286364128668,0.053667910447761195,0.23250475662411435
1606834013,141565,100,127,98,6.103,7.063892911383464,8.971143997456998,6.922615053155794,0.06227551020408163,0.43110938438173274
1607829807,638486,361,747,818,55.315,5.654000244327989,11.699551752113594,12.811557340333225,0.06762224938875305,0.8663463255263232
1612691018,1039387,1107,1325,927,64.712,10.650508424677238,12.747898520955141,8.918718436924841,0.06980798274002158,0.6225977427079616
1614844654,768272,961,565,485,27.249,12.508590707457776,7.3541662327925525,6.3128683591228105,0.05618350515463917,0.354679071995335
1617887885,312049,220,165,207,17.47,7.050174812289096,5.287631109216822,6.633573573381104,0.08439613526570047,0.5598479725940476
1623855270,482951,241,183,91,6.282,4.990154280662013,3.7892042878055956,1.8842491267230008,0.06903296703296703,0.13007530784696586
1633301179,730610,428,309,2021,149.403,5.858118558464845,4.22934260412532,27.661816837984695,0.07392528451261751,2.0449076798839325
1634341981,435801,204,169,465,46.747,4.681035610290018,3.877916755583397,10.670007641102245,0.10053118279569892,1.0726684885991542
1635418897,642837,454,528,406,27.669,7.062443512118935,8.213590692508365,6.31575344916363,0.06815024630541872,0.43042015316479915
1635446643,447182,411,550,395,26.769000000000002,9.190888720923471,12.299242813887858,8.833092566337644,0.06776962025316456,0.5986153288817528
1636762428,1347591,1122,886,435,26.623,8.325968339058365,6.574695141181561,3.227982377442414,0.06120229885057472,0.19755994214861927
1640311112,882659,574,694,447,39.858,6.503077632471884,7.862606057378898,5.064243382778627,0.08916778523489932,0.45156736633286465
1645614328,844090,635,1073,734,44.316,7.522894478076982,12.711914606262365,8.695755191981897,0.060376021798365126,0.5250151050243458
1647025876,97606,138,163,90,6.822,14.138475093744237,16.699793045509498,9.220744626354938,0.0758,0.6989324426777043
1647085571,716082,661,1171,495,28.511,9.23078641831522,16.352875787968415,6.912616152898691,0.057597979797979794,0.39815272552584763
1648125917,819823,1402,659,887,58.964,17.101252343493655,8.038320466734893,10.819408579656828,0.06647576099210822,0.7192284188172325
1654162813,1389630,984,1309,1045,68.816,7.0810215668919065,9.419773608802343,7.519987334758174,0.06585263157894737,0.49521095543418037
1659250199,9149,5,3,4,0.143,5.465078150617554,3.279046890370532,4.372062520494043,0.03575,0.156301235107662
1660317917,490394,360,1238,339,18.644,7.341035983311379,25.245007075943015,6.912808884284881,0.05499705014749262,0.3801840968690481
1669610956,967573,1394,1043,2153,176.559,14.407181680348666,10.779548416501909,22.25155104576089,0.08200603808639108,1.8247615425399428
1671451793,687413,479,343,180,9.753,6.968154515553241,4.989722335771945,2.6185131791223033,0.05418333333333333,0.14187977242211014
1674095262,396267,344,234,360,29.14,8.68101557788057,5.9051094337908525,9.08478374429362,0.08094444444444444,0.7353627730797669
1679657705,652426,376,451,536,22.913,5.763105700876421,6.91266135929592,8.215491105504686,0.04274813432835821,0.3511969173515464
1681586867,284133,349,519,220,17.498,12.282980153660434,18.266093695558066,7.742852818926347,0.07953636363636364,0.6158383573889693
1692806415,606599,484,976,639,39.881,7.978911933583801,16.08970670904502,10.534141994958778,0.06241158059467919,0.6574524521141644
1695205478,317724,325,243,139,7.998,10.22900378945248,7.648147448729085,4.374866236104292,0.05753956834532374,0.2517279147939721
1696250206,1624,0,1,2,0.02,0.0,6.157635467980295,12.31527093596059,0.01,0.12315270935960591
1696974077,591742,320,724,906,48.665,5.407762166619912,12.235061901977552,15.310726634242627,0.05371412803532009,0.8224023307454937
1702202187,361212,160,515,362,14.093,4.429531687762311,14.25755511998494,10.021815443562229,0.038930939226519336,0.3901586879727141
1709994511,162113,119,174,92,6.823,7.340558746059847,10.733253964827004,5.675053820483243,0.07416304347826087,0.4208792632299692
1714009198,792715,719,866,674,48.637,9.070094548482116,10.924481055612674,8.502425209564597,0.07216172106824927,0.6135496363762513
1714879044,709379,476,665,682,48.956,6.7100943219351015,9.374396479174038,9.614042704957434,0.07178299120234605,0.6901247429089387
1715894000,112059,112,177,894,36.204,9.994734916427953,15.795250716140604,79.7794019222017,0.04049664429530202,3.2307980617353356
1721813926,826247,613,405,534,40.772,7.419088964922112,4.901681942566811,6.462958413162165,0.07635205992509363,0.4934601880551457
1721969693,363149,390,405,180,10.856,10.739393472100982,11.15244706718179,4.9566431409696845,0.06031111111111111,0.29894065521314944
1722246285,379113,308,456,302,21.219,8.124226813641314,12.028076061754675,7.965962654934017,0.07026158940397352,0.5597011972683607
1725387804,525339,331,460,279,16.481,6.300693456986822,8.756250725721868,5.310856418426959,0.05907168458781362,0.31372123524048284
1725442221,306546,157,265,195,15.316,5.121580447958872,8.644705851650324,6.361198645554011,0.07854358974358974,0.4996313766938731
1728152109,242879,327,712,301,20.916,13.463494167877833,29.315008708039805,12.393002276853908,0.06948837209302326,0.8611695535637086
1728340033,471523,677,286,374,23.413,14.35773016374599,6.065451738303327,7.931744580858198,0.06260160427807487,0.4965399354856497
1730358737,99556,88,242,190,15.458,8.83924625336494,24.307927196753585,19.084736228856123,0.0813578947368421,1.5526939611876733
1743030473,419375,310,516,379,23.613,7.391952309985097,12.30402384500745,9.03725782414307,0.062303430079155675,0.5630521609538003
1750591415,545362,648,367,419,26.742,11.882015982044953,6.7294751009421265,7.6829702106124005,0.06382338902147972,0.49035319659235516
1751785203,356471,279,225,393,33.476,7.826723632497454,6.311873897175366,11.02473974039964,0.08518066157760815,0.9390946248081892
1763234285,4787,14,7,3,0.153,29.245874242740758,14.622937121370379,6.266973052015876,0.051,0.31961562565280965
1767877239,307587,264,127,119,7.526,8.582937510362921,4.128913120515497,3.8688241050499537,0.0632436974789916,0.24467874129920966
1774505095,385554,225,394,168,9.64,5.835758415163634,10.21906140255321,4.357366283322181,0.05738095238095239,0.25002982720967754
1785081636,114217,139,162,93,8.126,12.169817102532898,14.183527846117478,8.142395615363737,0.0873763440860215,0.7114527609725347
1788738240,654,0,0,0,0.0,0.0,0.0,0.0,,0.0
1788891712,323729,275,570,245,12.838,8.494759505635887,17.607319702590747,7.568058468657426,0.052399999999999995,0.3965662637576491
1790957194,853677,1035,849,1099,89.253,12.12402348897768,9.945213470668648,12.873721559793694,0.08121292083712466,1.04551252991471
1794450472,117047,96,142,75,3.7070000000000003,8.201833451519475,12.131878647039223,6.40768238399959,0.04942666666666667,0.31671038129981977
1795032531,332923,325,425,470,29.724,9.762017042979908,12.765714594666035,14.11737849292479,0.06324255319148936,0.892819060263184
1798460240,99461,64,135,123,9.819,6.434682941052271,13.573159328782134,12.366656277334835,0.07982926829268293,0.987221121846754
1800671132,738276,522,486,527,39.64,7.0705264697755315,6.582903954618598,7.138251819102884,0.07521821631878559,0.5369265694672454
1801103648,6614,1,6,1,0.052,1.5119443604475356,9.071666162685213,1.5119443604475356,0.052,0.07862110674327184
1805186512,537824,515,538,328,24.041,9.575623252216339,10.00327244600464,6.098649372285358,0.07329573170731707,0.4470049681680252
1809246826,75112,65,89,72,5.281,8.653743742677602,11.848972201512408,9.58568537650442,0.07334722222222222,0.7030833954627757
1810218232,437008,377,456,819,42.229,8.626844359828652,10.434591586424048,18.741075678248453,0.05156166056166056,0.9663209826822393
1818418128,203155,171,212,219,14.558,8.417218380054639,10.435381851295809,10.779946346385763,0.06647488584474885,0.7165957027885111
1818658022,177646,143,278,139,10.182,8.049716852617003,15.64909989529739,7.824549947648695,0.07325179856115108,0.5731623565968275
1820648828,548931,425,715,458,31.507,7.742320983875933,13.025316478755983,8.343489436741594,0.06879257641921398,0.5739701346799507
1822142909,274811,278,147,150,14.02,10.116043389820641,5.349130857207316,5.4582967930686905,0.09346666666666667,0.5101688069254869
1839861250,232197,156,211,141,7.705,6.718433054690629,9.087111375254633,6.072429876354991,0.054645390070921986,0.33183029927173907
1843478428,626322,914,559,357,29.205,14.593132605911975,8.925121582828002,5.699943479552051,0.08180672268907563,0.4662936955751195
1849994842,5196,2,5,0,0.0,3.8491147036181674,9.62278675904542,0.0,,0.0
1865794721,561781,432,248,182,12.029,7.689829310710046,4.414531641333545,3.2396966077528435,0.0660934065934066,0.21412258513548874
1868807558,170807,175,320,174,16.347,10.245481742551535,18.734595186379952,10.186936132594099,0.09394827586206897,0.9570450859742283
1869456664,167390,162,139,29,1.458,9.67799749088954,8.303960810084234,1.7324810323197324,0.05027586206896552,0.08710197741800585
1871531782,4542,3,4,2,0.175,6.605019815059445,8.806693086745927,4.4033465433729635,0.0875,0.38529282254513425
1871628261,76171,72,70,129,10.79,9.45241627391002,9.189849155190295,16.93557915742212,0.08364341085271317,1.416549605492904
1871930209,3287,2,6,7,0.29900000000000004,6.08457560085184,18.253726802555523,21.296014602981444,0.04271428571428572,0.9096440523273502
1873028393,115435,101,229,48,2.563,8.749512712782085,19.838004071555417,4.1581842595400005,0.05339583333333334,0.22202971369168797
1874174561,57254,135,137,119,13.891,23.579138575470708,23.928459146959163,20.78457400356307,0.11673109243697478,2.426206029273064
1875402719,451,0,0,2,0.0,0.0,0.0,44.34589800443459,0.0,0.0
1876034889,137955,156,168,135,9.345,11.308035228878982,12.177884092638903,9.785799717299119,0.06922222222222223,0.6773948026530391
1877144831,167936,119,148,166,9.606,7.086032774390244,8.812881097560975,9.884717987804878,0.057867469879518074,0.5720036204268293
1880163995,1403967,2024,1364,1526,146.282,14.416293260454127,9.715328066827782,10.869201341626976,0.09585976408912189,1.041919076445529
1884144340,5858,1,7,4,0.7290000000000001,1.707067258449983,11.949470809149881,6.828269033799932,0.18225000000000002,1.2444520314100376
1886801652,78344,85,78,117,6.422,10.849586439293374,9.956091085469211,14.93413662820382,0.05488888888888889,0.8197181660369652
1889550138,1858,0,0,0,0.0,0.0,0.0,0.0,,0.0
1889705401,114440,161,142,75,4.095,14.068507514854945,12.408248864033554,6.553652569031807,0.054599999999999996,0.3578294302691366
1896576050,24661,34,24,29,1.7169999999999999,13.78695105632375,9.731965451522647,11.7594582539232,0.059206896551724134,0.6962410283443493
1896897095,6479,8,6,10,0.641,12.347584503781448,9.260688377836086,15.434480629726808,0.0641,0.9893502083654885
219258773,1749777,969,1670,1839,92.853,5.537848537270749,9.544073330487256,10.509910691476685,0.05049102773246329,0.5306561921890618
268213039,258587,178,172,247,15.805,6.883563365521082,6.651533139717,9.551910962268018,0.06398785425101214,0.6112062864722511
354628391,2090808,1948,1653,1572,140.981,9.31697219448175,7.9060344134899045,7.518624378709092,0.0896825699745547,0.674289556955971
380996798,1571285,904,1227,1902,137.24,5.753252910834126,7.808895267249417,12.104742296909855,0.07215562565720295,0.8734252538527384
387042247,89294,62,116,161,10.903,6.943355656595068,12.990794454274644,18.03032678567429,0.06772049689440994,1.2210226890944522
402050558,836599,716,921,918,70.791,8.55846110263101,11.008858485367542,10.972999011473837,0.07711437908496732,0.8461760054697651
402306412,126124,151,157,110,7.667,11.972344676667408,12.44806698170055,8.72157559227427,0.0697,0.6078938187815166
474763182,161983,66,86,116,4.676,4.074501645234377,5.309199113487217,7.161245315866481,0.040310344827586206,0.28867226807751434
506779862,1463339,919,1230,629,38.23,6.280157912828128,8.405434420868986,4.2983888217289365,0.06077901430842607,0.2612518356990417
545045867,738087,480,467,657,51.313,6.503298391653017,6.327167393545747,8.901389673575066,0.07810197869101979,0.6952161466060234
597919007,1792986,2627,2449,2784,234.765,14.651536598724139,13.658779265426501,15.527170875846213,0.08432650862068965,1.309352108716967
682478916,995576,422,408,212,13.822000000000001,4.238752239909359,4.098130127684878,2.1294205565421422,0.06519811320754718,0.1388342025119127
702998658,757203,223,783,566,25.115,2.945049081950283,10.340688032139335,7.474877938941077,0.04437279151943463,0.33168120041785354
716825890,802788,782,587,284,21.791,9.741052432273527,7.312017618599182,3.537671215812892,0.07672887323943663,0.27144152628091106
73329719,1053177,326,692,598,26.056,3.095396120500163,6.570595445969671,5.67805791429171,0.04357190635451505,0.24740380771703144
73330715,943961,866,948,3119,204.432,9.174107828607326,10.042787784664833,33.04161930418736,0.06554408464251363,2.165682692399368
73331636,243208,132,198,255,11.37,5.427453044307753,8.141179566461629,10.48485247195816,0.044588235294117644,0.4675010690437814
75462585,446061,184,287,477,30.88,4.1249963570005,6.434097578582302,10.693604686354556,0.06473794549266247,0.6922819973053013
78911087,1396649,611,1770,1153,53.337,4.374757007666207,12.67319133153713,8.255474353255542,0.04625932350390286,0.3818926587854214
791564318,1782202,1977,1669,741,44.489,11.093018636495751,9.364819476131213,4.1577778500978,0.060039136302294197,0.24962939105668155
91959525,241330,152,465,199,13.671,6.298429536319562,19.268221936767084,8.245970248207849,0.06869849246231155,0.5664857249409522
925428680,1841512,1312,2064,637,34.567,7.124580236240654,11.2081811033542,3.4591140323820864,0.05426530612244898,0.18770988187967277
929121341,2389428,1673,1566,1985,142.385,7.00167571485728,6.553869796453377,8.307427551698565,0.07173047858942065,0.5958957541302772
956270301,1902380,1028,906,1226,65.759,5.403757398626983,4.762455450540902,6.444558920930623,0.053637030995106035,0.345667006591743
969924303,1208382,720,716,799,76.214,5.958380710735512,5.925278595675871,6.6121474831634375,0.09538673341677097,0.6307111492888838
983782306,762476,634,738,804,50.158,8.315015816891286,9.678993174867143,10.544594190505668,0.062385572139303486,0.6578305415514718
